#-----------------------------------------------------------
# Vivado v2023.2 (64-bit)
# SW Build 4029153 on Fri Oct 13 20:14:34 MDT 2023
# IP Build 4028589 on Sat Oct 14 00:45:43 MDT 2023
# SharedData Build 4025554 on Tue Oct 10 17:18:54 MDT 2023
# Start of session at: Wed Dec 17 13:36:56 2025
# Process ID: 15212
# Current directory: C:/WorkPrograms/git-projects/srsRAN_4G/fpga/projects/lte_phy_math
# Command line: vivado.exe -gui_launcher_event rodinguilauncherevent23712 C:\WorkPrograms\git-projects\srsRAN_4G\fpga\projects\lte_phy_math\lte_phy_math.xpr
# Log file: C:/WorkPrograms/git-projects/srsRAN_4G/fpga/projects/lte_phy_math/vivado.log
# Journal file: C:/WorkPrograms/git-projects/srsRAN_4G/fpga/projects/lte_phy_math\vivado.jou
# Running On: NB-3826, OS: Windows, CPU Frequency: 2611 MHz, CPU Physical cores: 10, Host memory: 33998 MB
#-----------------------------------------------------------
start_gui
open_project C:/WorkPrograms/git-projects/srsRAN_4G/fpga/projects/lte_phy_math/lte_phy_math.xpr
WARNING: [Board 49-26] cannot add Board Part xilinx.com:vek280_es:part0:1.0 available at C:/WorkPrograms/Engineering/Xilinx/Vivado/2023.2/data/xhub/boards/XilinxBoardStore/boards/Xilinx/vek280/es/rev_a/1.0/board.xml as part xcve2802-vsvh1760-2lp-e-s-es1 specified in board_part file is either invalid or not available
WARNING: [Board 49-26] cannot add Board Part xilinx.com:vek280_es:part0:1.1 available at C:/WorkPrograms/Engineering/Xilinx/Vivado/2023.2/data/xhub/boards/XilinxBoardStore/boards/Xilinx/vek280/es/rev_a/1.1/board.xml as part xcve2802-vsvh1760-2lp-e-s-es1 specified in board_part file is either invalid or not available
WARNING: [Board 49-26] cannot add Board Part xilinx.com:vek280_es_revb:part0:1.0 available at C:/WorkPrograms/Engineering/Xilinx/Vivado/2023.2/data/xhub/boards/XilinxBoardStore/boards/Xilinx/vek280/es/rev_b/1.0/board.xml as part xcve2802-vsvh1760-2mp-e-s-es1 specified in board_part file is either invalid or not available
WARNING: [Board 49-26] cannot add Board Part xilinx.com:vek280_es_revb:part0:1.1 available at C:/WorkPrograms/Engineering/Xilinx/Vivado/2023.2/data/xhub/boards/XilinxBoardStore/boards/Xilinx/vek280/es/rev_b/1.1/board.xml as part xcve2802-vsvh1760-2mp-e-s-es1 specified in board_part file is either invalid or not available
WARNING: [Board 49-26] cannot add Board Part xilinx.com:vhk158_es:part0:1.0 available at C:/WorkPrograms/Engineering/Xilinx/Vivado/2023.2/data/xhub/boards/XilinxBoardStore/boards/Xilinx/vhk158/es/1.0/board.xml as part xcvh1582-vsva3697-2mp-e-s-es1 specified in board_part file is either invalid or not available
WARNING: [Board 49-26] cannot add Board Part xilinx.com:vhk158_es:part0:1.1 available at C:/WorkPrograms/Engineering/Xilinx/Vivado/2023.2/data/xhub/boards/XilinxBoardStore/boards/Xilinx/vhk158/es/1.1/board.xml as part xcvh1582-vsva3697-2mp-e-s-es1 specified in board_part file is either invalid or not available
WARNING: [Board 49-26] cannot add Board Part xilinx.com:zcu208ld:part0:2.0 available at C:/WorkPrograms/Engineering/Xilinx/Vivado/2023.2/data/xhub/boards/XilinxBoardStore/boards/Xilinx/zcu208ld/production/2.0/board.xml as part xczu58dr-fsvg1517-2-i specified in board_part file is either invalid or not available
WARNING: [Board 49-26] cannot add Board Part xilinx.com:zcu216ld:part0:2.0 available at C:/WorkPrograms/Engineering/Xilinx/Vivado/2023.2/data/xhub/boards/XilinxBoardStore/boards/Xilinx/zcu216ld/production/2.0/board.xml as part xczu59dr-ffvf1760-2-i specified in board_part file is either invalid or not available
WARNING: [Board 49-26] cannot add Board Part xilinx.com:zcu670:part0:2.0 available at C:/WorkPrograms/Engineering/Xilinx/Vivado/2023.2/data/xhub/boards/XilinxBoardStore/boards/Xilinx/zcu670/2.0/board.xml as part xczu67dr-fsve1156-2-i specified in board_part file is either invalid or not available
WARNING: [Board 49-26] cannot add Board Part xilinx.com:zcu670ld:part0:1.0 available at C:/WorkPrograms/Engineering/Xilinx/Vivado/2023.2/data/xhub/boards/XilinxBoardStore/boards/Xilinx/zcu670ld/1.0/board.xml as part xczu57dr-fsve1156-2-i specified in board_part file is either invalid or not available
INFO: [filemgmt 56-3] Default IP Output Path : Could not find the directory 'C:/WorkPrograms/git-projects/srsRAN_4G/fpga/projects/lte_phy_math/lte_phy_math.gen/sources_1'.
Scanning sources...
Finished scanning sources
INFO: [IP_Flow 19-234] Refreshing IP repositories
INFO: [IP_Flow 19-1704] No user IP repositories specified
INFO: [IP_Flow 19-2313] Loaded Vivado IP repository 'C:/WorkPrograms/Engineering/Xilinx/Vivado/2023.2/data/ip'.
open_project: Time (s): cpu = 00:00:32 ; elapsed = 00:00:17 . Memory (MB): peak = 1532.305 ; gain = 343.527
update_compile_order -fileset sources_1
set_property SOURCE_SET sources_1 [get_filesets sim_1]
add_files -fileset sim_1 -norecurse C:/WorkPrograms/git-projects/srsRAN_4G/fpga/projects/lte_phy_math/testbench/math_fma_macro_tb.sv
update_compile_order -fileset sim_1
update_compile_order -fileset sim_1
launch_simulation
Command: launch_simulation 
INFO: [Vivado 12-12493] Simulation top is 'tb_math_fma_macro'
WARNING: [Vivado 12-13340] Unable to auto find GCC executables from simulator install path! (path not set)
INFO: [Vivado 12-5682] Launching behavioral simulation in 'C:/WorkPrograms/git-projects/srsRAN_4G/fpga/projects/lte_phy_math/lte_phy_math.sim/sim_1/behav/xsim'
INFO: [SIM-utils-51] Simulation object is 'sim_1'
INFO: [SIM-utils-72] Using boost library from 'C:/WorkPrograms/Engineering/Xilinx/Vivado/2023.2/tps/boost_1_72_0'
INFO: [SIM-utils-54] Inspecting design source files for 'tb_math_fma_macro' in fileset 'sim_1'...
INFO: [USF-XSim-97] Finding global include files...
INFO: [USF-XSim-98] Fetching design files from 'sim_1'...
INFO: [USF-XSim-2] XSim::Compile design
INFO: [USF-XSim-61] Executing 'COMPILE and ANALYZE' step in 'C:/WorkPrograms/git-projects/srsRAN_4G/fpga/projects/lte_phy_math/lte_phy_math.sim/sim_1/behav/xsim'
"xvlog --incr --relax -L uvm -prj tb_math_fma_macro_vlog.prj"
INFO: [VRFC 10-2263] Analyzing SystemVerilog file "C:/WorkPrograms/git-projects/srsRAN_4G/fpga/projects/lte_phy_math/testbench/math_fma_macro_tb.sv" into library xil_defaultlib
INFO: [VRFC 10-311] analyzing module tb_math_fma_macro
INFO: [USF-XSim-69] 'compile' step finished in '3' seconds
INFO: [USF-XSim-3] XSim::Elaborate design
INFO: [USF-XSim-61] Executing 'ELABORATE' step in 'C:/WorkPrograms/git-projects/srsRAN_4G/fpga/projects/lte_phy_math/lte_phy_math.sim/sim_1/behav/xsim'
"xelab --incr --debug typical --relax --mt 2 -L xil_defaultlib -L uvm -L unisims_ver -L unimacro_ver -L secureip --snapshot tb_math_fma_macro_behav xil_defaultlib.tb_math_fma_macro xil_defaultlib.glbl -log elaborate.log"
Vivado Simulator v2023.2
Copyright 1986-2022 Xilinx, Inc. All Rights Reserved.
Copyright 2022-2023 Advanced Micro Devices, Inc. All Rights Reserved.
Running: C:/WorkPrograms/Engineering/Xilinx/Vivado/2023.2/bin/unwrapped/win64.o/xelab.exe --incr --debug typical --relax --mt 2 -L xil_defaultlib -L uvm -L unisims_ver -L unimacro_ver -L secureip --snapshot tb_math_fma_macro_behav xil_defaultlib.tb_math_fma_macro xil_defaultlib.glbl -log elaborate.log 
Using 2 slave threads.
Starting static elaboration
Pass Through NonSizing Optimizer
ERROR: [VRFC 10-2063] Module <math_fma_macro> not found while processing module instance <dut> [C:/WorkPrograms/git-projects/srsRAN_4G/fpga/projects/lte_phy_math/testbench/math_fma_macro_tb.sv:24]
ERROR: [XSIM 43-3322] Static elaboration of top level Verilog design unit(s) in library work failed.
INFO: [USF-XSim-69] 'elaborate' step finished in '3' seconds
INFO: [USF-XSim-99] Step results log file:'C:/WorkPrograms/git-projects/srsRAN_4G/fpga/projects/lte_phy_math/lte_phy_math.sim/sim_1/behav/xsim/elaborate.log'
ERROR: [USF-XSim-62] 'elaborate' step failed with error(s). Please check the Tcl console output or 'C:/WorkPrograms/git-projects/srsRAN_4G/fpga/projects/lte_phy_math/lte_phy_math.sim/sim_1/behav/xsim/elaborate.log' file for more information.
ERROR: [Vivado 12-4473] Detected error while running simulation. Please correct the issue and retry this operation.
launch_simulation: Time (s): cpu = 00:00:02 ; elapsed = 00:00:06 . Memory (MB): peak = 1589.070 ; gain = 0.000
ERROR: [Common 17-39] 'launch_simulation' failed due to earlier errors.
add_files {C:/WorkPrograms/git-projects/srsRAN_4G/fpga/projects/lte_phy_math/math/math_fma_macro.sv C:/WorkPrograms/git-projects/srsRAN_4G/fpga/projects/lte_phy_math/math/math_iq_xcorr.sv}
update_compile_order -fileset sources_1
launch_simulation
Command: launch_simulation 
INFO: [Vivado 12-12493] Simulation top is 'tb_math_fma_macro'
WARNING: [Vivado 12-13340] Unable to auto find GCC executables from simulator install path! (path not set)
INFO: [Vivado 12-5682] Launching behavioral simulation in 'C:/WorkPrograms/git-projects/srsRAN_4G/fpga/projects/lte_phy_math/lte_phy_math.sim/sim_1/behav/xsim'
INFO: [SIM-utils-51] Simulation object is 'sim_1'
INFO: [SIM-utils-72] Using boost library from 'C:/WorkPrograms/Engineering/Xilinx/Vivado/2023.2/tps/boost_1_72_0'
INFO: [SIM-utils-54] Inspecting design source files for 'tb_math_fma_macro' in fileset 'sim_1'...
INFO: [USF-XSim-97] Finding global include files...
INFO: [USF-XSim-98] Fetching design files from 'sim_1'...
INFO: [USF-XSim-2] XSim::Compile design
INFO: [USF-XSim-61] Executing 'COMPILE and ANALYZE' step in 'C:/WorkPrograms/git-projects/srsRAN_4G/fpga/projects/lte_phy_math/lte_phy_math.sim/sim_1/behav/xsim'
"xvlog --incr --relax -L uvm -prj tb_math_fma_macro_vlog.prj"
INFO: [VRFC 10-2263] Analyzing SystemVerilog file "C:/WorkPrograms/git-projects/srsRAN_4G/fpga/projects/lte_phy_math/math/math_fma_macro.sv" into library xil_defaultlib
INFO: [VRFC 10-311] analyzing module math_fma_macro
INFO: [USF-XSim-69] 'compile' step finished in '2' seconds
INFO: [USF-XSim-3] XSim::Elaborate design
INFO: [USF-XSim-61] Executing 'ELABORATE' step in 'C:/WorkPrograms/git-projects/srsRAN_4G/fpga/projects/lte_phy_math/lte_phy_math.sim/sim_1/behav/xsim'
"xelab --incr --debug typical --relax --mt 2 -L xil_defaultlib -L uvm -L unisims_ver -L unimacro_ver -L secureip --snapshot tb_math_fma_macro_behav xil_defaultlib.tb_math_fma_macro xil_defaultlib.glbl -log elaborate.log"
Vivado Simulator v2023.2
Copyright 1986-2022 Xilinx, Inc. All Rights Reserved.
Copyright 2022-2023 Advanced Micro Devices, Inc. All Rights Reserved.
Running: C:/WorkPrograms/Engineering/Xilinx/Vivado/2023.2/bin/unwrapped/win64.o/xelab.exe --incr --debug typical --relax --mt 2 -L xil_defaultlib -L uvm -L unisims_ver -L unimacro_ver -L secureip --snapshot tb_math_fma_macro_behav xil_defaultlib.tb_math_fma_macro xil_defaultlib.glbl -log elaborate.log 
Using 2 slave threads.
Starting static elaboration
Pass Through NonSizing Optimizer
Completed static elaboration
Starting simulation data flow analysis
WARNING: [XSIM 43-4099] "C:/WorkPrograms/git-projects/srsRAN_4G/fpga/projects/lte_phy_math/math/math_fma_macro.sv" Line 23. Module math_fma_macro_default doesn't have a timescale but at least one module in design has a timescale.
WARNING: [XSIM 43-4099] "C:/WorkPrograms/git-projects/srsRAN_4G/fpga/projects/lte_phy_math/math/math_fma_macro.sv" Line 23. Module math_fma_macro_default doesn't have a timescale but at least one module in design has a timescale.
Completed simulation data flow analysis
Time Resolution for simulation is 1ps
Compiling module xil_defaultlib.math_fma_macro_default
Compiling module xil_defaultlib.tb_math_fma_macro
Compiling module xil_defaultlib.glbl
Built simulation snapshot tb_math_fma_macro_behav
INFO: [USF-XSim-69] 'elaborate' step finished in '5' seconds
INFO: [USF-XSim-4] XSim::Simulate design
INFO: [USF-XSim-61] Executing 'SIMULATE' step in 'C:/WorkPrograms/git-projects/srsRAN_4G/fpga/projects/lte_phy_math/lte_phy_math.sim/sim_1/behav/xsim'
INFO: [USF-XSim-98] *** Running xsim
   with args "tb_math_fma_macro_behav -key {Behavioral:sim_1:Functional:tb_math_fma_macro} -tclbatch {tb_math_fma_macro.tcl} -log {simulate.log}"
INFO: [USF-XSim-8] Loading simulator feature
Time resolution is 1 ps
source tb_math_fma_macro.tcl
# set curr_wave [current_wave_config]
# if { [string length $curr_wave] == 0 } {
#   if { [llength [get_objects]] > 0} {
#     add_wave /
#     set_property needs_save false [current_wave_config]
#   } else {
#      send_msg_id Add_Wave-1 WARNING "No top level signals found. Simulator will start without a wave window. If you want to open a wave window go to 'File->New Waveform Configuration' or type 'create_wave_config' in the TCL console."
#   }
# }
# run 1000ns
time=26000 i_valid=0 | ref_vld=000 | o_valid=0 OK
time=36000 i_valid=0 | ref_vld=000 | o_valid=0 OK
time=46000 i_valid=0 | ref_vld=000 | o_valid=0 OK
time=56000 i_valid=0 | ref_vld=000 | o_valid=0 OK
time=66000 i_valid=0 | ref_vld=000 | o_valid=0 OK
time=76000 i_valid=0 | ref_vld=000 | o_valid=0 OK
time=86000 i_valid=0 | ref_vld=000 | o_valid=0 OK
time=96000 i_valid=0 | ref_vld=000 | o_valid=0 OK
time=106000 i_valid=0 | ref_vld=000 | o_valid=0 OK
time=116000 i_valid=0 | ref_vld=000 | o_valid=0 OK
time=126000 i_valid=0 | ref_vld=000 | o_valid=0 OK
time=136000 i_valid=0 | ref_vld=000 | o_valid=0 OK
TB PASSED
$finish called at time : 136 ns : File "C:/WorkPrograms/git-projects/srsRAN_4G/fpga/projects/lte_phy_math/testbench/math_fma_macro_tb.sv" Line 104
INFO: [USF-XSim-96] XSim completed. Design snapshot 'tb_math_fma_macro_behav' loaded.
INFO: [USF-XSim-97] XSim simulation ran for 1000ns
launch_simulation: Time (s): cpu = 00:00:08 ; elapsed = 00:00:11 . Memory (MB): peak = 1625.559 ; gain = 24.492
run all
INFO: [Common 17-41] Interrupt caught. Command should exit soon.
run: Time (s): cpu = 00:00:09 ; elapsed = 00:00:09 . Memory (MB): peak = 2694.883 ; gain = 0.000
INFO: [Common 17-344] 'run' was cancelled
restart
INFO: [Wavedata 42-604] Simulation restarted
run all
time=26000 i_valid=0 | ref_vld=000 | o_valid=0 OK
time=36000 i_valid=0 | ref_vld=000 | o_valid=0 OK
time=46000 i_valid=0 | ref_vld=000 | o_valid=0 OK
time=56000 i_valid=0 | ref_vld=000 | o_valid=0 OK
time=66000 i_valid=0 | ref_vld=000 | o_valid=0 OK
time=76000 i_valid=0 | ref_vld=000 | o_valid=0 OK
time=86000 i_valid=0 | ref_vld=000 | o_valid=0 OK
time=96000 i_valid=0 | ref_vld=000 | o_valid=0 OK
time=106000 i_valid=0 | ref_vld=000 | o_valid=0 OK
time=116000 i_valid=0 | ref_vld=000 | o_valid=0 OK
time=126000 i_valid=0 | ref_vld=000 | o_valid=0 OK
time=136000 i_valid=0 | ref_vld=000 | o_valid=0 OK
TB PASSED
$finish called at time : 136 ns : File "C:/WorkPrograms/git-projects/srsRAN_4G/fpga/projects/lte_phy_math/testbench/math_fma_macro_tb.sv" Line 104
restart
INFO: [Wavedata 42-604] Simulation restarted
run all
time=26000 i_valid=0 | ref_vld=000 | o_valid=0 OK
time=36000 i_valid=0 | ref_vld=000 | o_valid=0 OK
time=46000 i_valid=0 | ref_vld=000 | o_valid=0 OK
time=56000 i_valid=0 | ref_vld=000 | o_valid=0 OK
time=66000 i_valid=0 | ref_vld=000 | o_valid=0 OK
time=76000 i_valid=0 | ref_vld=000 | o_valid=0 OK
time=86000 i_valid=0 | ref_vld=000 | o_valid=0 OK
time=96000 i_valid=0 | ref_vld=000 | o_valid=0 OK
time=106000 i_valid=0 | ref_vld=000 | o_valid=0 OK
time=116000 i_valid=0 | ref_vld=000 | o_valid=0 OK
time=126000 i_valid=0 | ref_vld=000 | o_valid=0 OK
time=136000 i_valid=0 | ref_vld=000 | o_valid=0 OK
TB PASSED
$finish called at time : 136 ns : File "C:/WorkPrograms/git-projects/srsRAN_4G/fpga/projects/lte_phy_math/testbench/math_fma_macro_tb.sv" Line 104
relaunch_sim
Command: launch_simulation -step compile -simset sim_1 -mode behavioral
INFO: [Vivado 12-12493] Simulation top is 'tb_math_fma_macro'
WARNING: [Vivado 12-13340] Unable to auto find GCC executables from simulator install path! (path not set)
INFO: [Vivado 12-5682] Launching behavioral simulation in 'C:/WorkPrograms/git-projects/srsRAN_4G/fpga/projects/lte_phy_math/lte_phy_math.sim/sim_1/behav/xsim'
INFO: [SIM-utils-51] Simulation object is 'sim_1'
INFO: [SIM-utils-72] Using boost library from 'C:/WorkPrograms/Engineering/Xilinx/Vivado/2023.2/tps/boost_1_72_0'
INFO: [SIM-utils-54] Inspecting design source files for 'tb_math_fma_macro' in fileset 'sim_1'...
INFO: [USF-XSim-97] Finding global include files...
INFO: [USF-XSim-98] Fetching design files from 'sim_1'...
INFO: [USF-XSim-2] XSim::Compile design
INFO: [USF-XSim-61] Executing 'COMPILE and ANALYZE' step in 'C:/WorkPrograms/git-projects/srsRAN_4G/fpga/projects/lte_phy_math/lte_phy_math.sim/sim_1/behav/xsim'
"xvlog --incr --relax -L uvm -prj tb_math_fma_macro_vlog.prj"
INFO: [VRFC 10-2263] Analyzing SystemVerilog file "C:/WorkPrograms/git-projects/srsRAN_4G/fpga/projects/lte_phy_math/math/math_fma_macro.sv" into library xil_defaultlib
INFO: [VRFC 10-311] analyzing module math_fma_macro
INFO: [VRFC 10-2263] Analyzing SystemVerilog file "C:/WorkPrograms/git-projects/srsRAN_4G/fpga/projects/lte_phy_math/testbench/math_fma_macro_tb.sv" into library xil_defaultlib
INFO: [VRFC 10-311] analyzing module tb_math_fma_macro
run_program: Time (s): cpu = 00:00:00 ; elapsed = 00:00:06 . Memory (MB): peak = 2701.840 ; gain = 0.000
INFO: [USF-XSim-69] 'compile' step finished in '6' seconds
launch_simulation: Time (s): cpu = 00:00:00 ; elapsed = 00:00:06 . Memory (MB): peak = 2701.840 ; gain = 0.000
Command: launch_simulation -step elaborate -simset sim_1 -mode behavioral
INFO: [Vivado 12-12493] Simulation top is 'tb_math_fma_macro'
WARNING: [Vivado 12-13340] Unable to auto find GCC executables from simulator install path! (path not set)
INFO: [Vivado 12-5682] Launching behavioral simulation in 'C:/WorkPrograms/git-projects/srsRAN_4G/fpga/projects/lte_phy_math/lte_phy_math.sim/sim_1/behav/xsim'
INFO: [SIM-utils-51] Simulation object is 'sim_1'
INFO: [USF-XSim-3] XSim::Elaborate design
INFO: [USF-XSim-61] Executing 'ELABORATE' step in 'C:/WorkPrograms/git-projects/srsRAN_4G/fpga/projects/lte_phy_math/lte_phy_math.sim/sim_1/behav/xsim'
"xelab --incr --debug typical --relax --mt 2 -L xil_defaultlib -L uvm -L unisims_ver -L unimacro_ver -L secureip --snapshot tb_math_fma_macro_behav xil_defaultlib.tb_math_fma_macro xil_defaultlib.glbl -log elaborate.log"
Vivado Simulator v2023.2
Copyright 1986-2022 Xilinx, Inc. All Rights Reserved.
Copyright 2022-2023 Advanced Micro Devices, Inc. All Rights Reserved.
Running: C:/WorkPrograms/Engineering/Xilinx/Vivado/2023.2/bin/unwrapped/win64.o/xelab.exe --incr --debug typical --relax --mt 2 -L xil_defaultlib -L uvm -L unisims_ver -L unimacro_ver -L secureip --snapshot tb_math_fma_macro_behav xil_defaultlib.tb_math_fma_macro xil_defaultlib.glbl -log elaborate.log 
Using 2 slave threads.
Starting static elaboration
Pass Through NonSizing Optimizer
Completed static elaboration
Starting simulation data flow analysis
WARNING: [XSIM 43-4099] "C:/WorkPrograms/git-projects/srsRAN_4G/fpga/projects/lte_phy_math/math/math_fma_macro.sv" Line 23. Module math_fma_macro_default doesn't have a timescale but at least one module in design has a timescale.
WARNING: [XSIM 43-4099] "C:/WorkPrograms/git-projects/srsRAN_4G/fpga/projects/lte_phy_math/math/math_fma_macro.sv" Line 23. Module math_fma_macro_default doesn't have a timescale but at least one module in design has a timescale.
Completed simulation data flow analysis
Time Resolution for simulation is 1ps
Compiling module xil_defaultlib.math_fma_macro_default
Compiling module xil_defaultlib.tb_math_fma_macro
Compiling module xil_defaultlib.glbl
Built simulation snapshot tb_math_fma_macro_behav
run_program: Time (s): cpu = 00:00:01 ; elapsed = 00:00:07 . Memory (MB): peak = 2701.840 ; gain = 0.000
INFO: [USF-XSim-69] 'elaborate' step finished in '7' seconds
launch_simulation: Time (s): cpu = 00:00:01 ; elapsed = 00:00:07 . Memory (MB): peak = 2701.840 ; gain = 0.000
Time resolution is 1 ps
$finish called at time : 15 ns : File "C:/WorkPrograms/git-projects/srsRAN_4G/fpga/projects/lte_phy_math/testbench/math_fma_macro_tb.sv" Line 67
relaunch_sim: Time (s): cpu = 00:00:03 ; elapsed = 00:00:16 . Memory (MB): peak = 2701.840 ; gain = 0.000
relaunch_sim
Command: launch_simulation -step compile -simset sim_1 -mode behavioral
INFO: [Vivado 12-12493] Simulation top is 'tb_math_fma_macro'
WARNING: [Vivado 12-13340] Unable to auto find GCC executables from simulator install path! (path not set)
INFO: [Vivado 12-5682] Launching behavioral simulation in 'C:/WorkPrograms/git-projects/srsRAN_4G/fpga/projects/lte_phy_math/lte_phy_math.sim/sim_1/behav/xsim'
INFO: [SIM-utils-51] Simulation object is 'sim_1'
INFO: [USF-XSim-2] XSim::Compile design
INFO: [USF-XSim-61] Executing 'COMPILE and ANALYZE' step in 'C:/WorkPrograms/git-projects/srsRAN_4G/fpga/projects/lte_phy_math/lte_phy_math.sim/sim_1/behav/xsim'
"xvlog --incr --relax -L uvm -prj tb_math_fma_macro_vlog.prj"
INFO: [VRFC 10-2263] Analyzing SystemVerilog file "C:/WorkPrograms/git-projects/srsRAN_4G/fpga/projects/lte_phy_math/math/math_fma_macro.sv" into library xil_defaultlib
INFO: [VRFC 10-311] analyzing module math_fma_macro
INFO: [VRFC 10-2263] Analyzing SystemVerilog file "C:/WorkPrograms/git-projects/srsRAN_4G/fpga/projects/lte_phy_math/testbench/math_fma_macro_tb.sv" into library xil_defaultlib
INFO: [VRFC 10-311] analyzing module tb_math_fma_macro
INFO: [USF-XSim-69] 'compile' step finished in '2' seconds
Command: launch_simulation -step elaborate -simset sim_1 -mode behavioral
INFO: [Vivado 12-12493] Simulation top is 'tb_math_fma_macro'
WARNING: [Vivado 12-13340] Unable to auto find GCC executables from simulator install path! (path not set)
INFO: [Vivado 12-5682] Launching behavioral simulation in 'C:/WorkPrograms/git-projects/srsRAN_4G/fpga/projects/lte_phy_math/lte_phy_math.sim/sim_1/behav/xsim'
INFO: [SIM-utils-51] Simulation object is 'sim_1'
INFO: [USF-XSim-3] XSim::Elaborate design
INFO: [USF-XSim-61] Executing 'ELABORATE' step in 'C:/WorkPrograms/git-projects/srsRAN_4G/fpga/projects/lte_phy_math/lte_phy_math.sim/sim_1/behav/xsim'
"xelab --incr --debug typical --relax --mt 2 -L xil_defaultlib -L uvm -L unisims_ver -L unimacro_ver -L secureip --snapshot tb_math_fma_macro_behav xil_defaultlib.tb_math_fma_macro xil_defaultlib.glbl -log elaborate.log"
Vivado Simulator v2023.2
Copyright 1986-2022 Xilinx, Inc. All Rights Reserved.
Copyright 2022-2023 Advanced Micro Devices, Inc. All Rights Reserved.
Running: C:/WorkPrograms/Engineering/Xilinx/Vivado/2023.2/bin/unwrapped/win64.o/xelab.exe --incr --debug typical --relax --mt 2 -L xil_defaultlib -L uvm -L unisims_ver -L unimacro_ver -L secureip --snapshot tb_math_fma_macro_behav xil_defaultlib.tb_math_fma_macro xil_defaultlib.glbl -log elaborate.log 
Using 2 slave threads.
Starting static elaboration
Pass Through NonSizing Optimizer
Completed static elaboration
Starting simulation data flow analysis
WARNING: [XSIM 43-4099] "C:/WorkPrograms/git-projects/srsRAN_4G/fpga/projects/lte_phy_math/math/math_fma_macro.sv" Line 23. Module math_fma_macro_default doesn't have a timescale but at least one module in design has a timescale.
WARNING: [XSIM 43-4099] "C:/WorkPrograms/git-projects/srsRAN_4G/fpga/projects/lte_phy_math/math/math_fma_macro.sv" Line 23. Module math_fma_macro_default doesn't have a timescale but at least one module in design has a timescale.
Completed simulation data flow analysis
Time Resolution for simulation is 1ps
Compiling module xil_defaultlib.math_fma_macro_default
Compiling module xil_defaultlib.tb_math_fma_macro
Compiling module xil_defaultlib.glbl
Built simulation snapshot tb_math_fma_macro_behav
INFO: [USF-XSim-69] 'elaborate' step finished in '4' seconds
Time resolution is 1 ps
$finish called at time : 15 ns : File "C:/WorkPrograms/git-projects/srsRAN_4G/fpga/projects/lte_phy_math/testbench/math_fma_macro_tb.sv" Line 73
relaunch_sim: Time (s): cpu = 00:00:01 ; elapsed = 00:00:08 . Memory (MB): peak = 2701.840 ; gain = 0.000
restart
INFO: [Wavedata 42-604] Simulation restarted
relaunch_sim
Command: launch_simulation -step compile -simset sim_1 -mode behavioral
INFO: [Vivado 12-12493] Simulation top is 'tb_math_fma_macro'
WARNING: [Vivado 12-13340] Unable to auto find GCC executables from simulator install path! (path not set)
INFO: [Vivado 12-5682] Launching behavioral simulation in 'C:/WorkPrograms/git-projects/srsRAN_4G/fpga/projects/lte_phy_math/lte_phy_math.sim/sim_1/behav/xsim'
INFO: [SIM-utils-51] Simulation object is 'sim_1'
INFO: [USF-XSim-2] XSim::Compile design
INFO: [USF-XSim-61] Executing 'COMPILE and ANALYZE' step in 'C:/WorkPrograms/git-projects/srsRAN_4G/fpga/projects/lte_phy_math/lte_phy_math.sim/sim_1/behav/xsim'
"xvlog --incr --relax -L uvm -prj tb_math_fma_macro_vlog.prj"
INFO: [USF-XSim-69] 'compile' step finished in '2' seconds
Command: launch_simulation -step elaborate -simset sim_1 -mode behavioral
INFO: [Vivado 12-12493] Simulation top is 'tb_math_fma_macro'
WARNING: [Vivado 12-13340] Unable to auto find GCC executables from simulator install path! (path not set)
INFO: [Vivado 12-5682] Launching behavioral simulation in 'C:/WorkPrograms/git-projects/srsRAN_4G/fpga/projects/lte_phy_math/lte_phy_math.sim/sim_1/behav/xsim'
INFO: [SIM-utils-51] Simulation object is 'sim_1'
INFO: [USF-XSim-3] XSim::Elaborate design
INFO: [USF-XSim-61] Executing 'ELABORATE' step in 'C:/WorkPrograms/git-projects/srsRAN_4G/fpga/projects/lte_phy_math/lte_phy_math.sim/sim_1/behav/xsim'
"xelab --incr --debug typical --relax --mt 2 -L xil_defaultlib -L uvm -L unisims_ver -L unimacro_ver -L secureip --snapshot tb_math_fma_macro_behav xil_defaultlib.tb_math_fma_macro xil_defaultlib.glbl -log elaborate.log"
Vivado Simulator v2023.2
Copyright 1986-2022 Xilinx, Inc. All Rights Reserved.
Copyright 2022-2023 Advanced Micro Devices, Inc. All Rights Reserved.
Running: C:/WorkPrograms/Engineering/Xilinx/Vivado/2023.2/bin/unwrapped/win64.o/xelab.exe --incr --debug typical --relax --mt 2 -L xil_defaultlib -L uvm -L unisims_ver -L unimacro_ver -L secureip --snapshot tb_math_fma_macro_behav xil_defaultlib.tb_math_fma_macro xil_defaultlib.glbl -log elaborate.log 
Using 2 slave threads.
Starting static elaboration
Pass Through NonSizing Optimizer
Completed static elaboration
INFO: [XSIM 43-4323] No Change in HDL. Linking previously generated obj files to create kernel
INFO: [USF-XSim-69] 'elaborate' step finished in '2' seconds
Time resolution is 1 ps
$finish called at time : 15 ns : File "C:/WorkPrograms/git-projects/srsRAN_4G/fpga/projects/lte_phy_math/testbench/math_fma_macro_tb.sv" Line 73
relaunch_sim: Time (s): cpu = 00:00:00 ; elapsed = 00:00:06 . Memory (MB): peak = 2701.840 ; gain = 0.000
relaunch_sim
Command: launch_simulation -step compile -simset sim_1 -mode behavioral
INFO: [Vivado 12-12493] Simulation top is 'tb_math_fma_macro'
WARNING: [Vivado 12-13340] Unable to auto find GCC executables from simulator install path! (path not set)
INFO: [Vivado 12-5682] Launching behavioral simulation in 'C:/WorkPrograms/git-projects/srsRAN_4G/fpga/projects/lte_phy_math/lte_phy_math.sim/sim_1/behav/xsim'
INFO: [SIM-utils-51] Simulation object is 'sim_1'
INFO: [USF-XSim-2] XSim::Compile design
INFO: [USF-XSim-61] Executing 'COMPILE and ANALYZE' step in 'C:/WorkPrograms/git-projects/srsRAN_4G/fpga/projects/lte_phy_math/lte_phy_math.sim/sim_1/behav/xsim'
"xvlog --incr --relax -L uvm -prj tb_math_fma_macro_vlog.prj"
INFO: [VRFC 10-2263] Analyzing SystemVerilog file "C:/WorkPrograms/git-projects/srsRAN_4G/fpga/projects/lte_phy_math/math/math_fma_macro.sv" into library xil_defaultlib
INFO: [VRFC 10-311] analyzing module math_fma_macro
INFO: [VRFC 10-2263] Analyzing SystemVerilog file "C:/WorkPrograms/git-projects/srsRAN_4G/fpga/projects/lte_phy_math/testbench/math_fma_macro_tb.sv" into library xil_defaultlib
INFO: [VRFC 10-311] analyzing module tb_math_fma_macro
INFO: [USF-XSim-69] 'compile' step finished in '2' seconds
Command: launch_simulation -step elaborate -simset sim_1 -mode behavioral
INFO: [Vivado 12-12493] Simulation top is 'tb_math_fma_macro'
WARNING: [Vivado 12-13340] Unable to auto find GCC executables from simulator install path! (path not set)
INFO: [Vivado 12-5682] Launching behavioral simulation in 'C:/WorkPrograms/git-projects/srsRAN_4G/fpga/projects/lte_phy_math/lte_phy_math.sim/sim_1/behav/xsim'
INFO: [SIM-utils-51] Simulation object is 'sim_1'
INFO: [USF-XSim-3] XSim::Elaborate design
INFO: [USF-XSim-61] Executing 'ELABORATE' step in 'C:/WorkPrograms/git-projects/srsRAN_4G/fpga/projects/lte_phy_math/lte_phy_math.sim/sim_1/behav/xsim'
"xelab --incr --debug typical --relax --mt 2 -L xil_defaultlib -L uvm -L unisims_ver -L unimacro_ver -L secureip --snapshot tb_math_fma_macro_behav xil_defaultlib.tb_math_fma_macro xil_defaultlib.glbl -log elaborate.log"
Vivado Simulator v2023.2
Copyright 1986-2022 Xilinx, Inc. All Rights Reserved.
Copyright 2022-2023 Advanced Micro Devices, Inc. All Rights Reserved.
Running: C:/WorkPrograms/Engineering/Xilinx/Vivado/2023.2/bin/unwrapped/win64.o/xelab.exe --incr --debug typical --relax --mt 2 -L xil_defaultlib -L uvm -L unisims_ver -L unimacro_ver -L secureip --snapshot tb_math_fma_macro_behav xil_defaultlib.tb_math_fma_macro xil_defaultlib.glbl -log elaborate.log 
Using 2 slave threads.
Starting static elaboration
Pass Through NonSizing Optimizer
Completed static elaboration
Starting simulation data flow analysis
WARNING: [XSIM 43-4099] "C:/WorkPrograms/git-projects/srsRAN_4G/fpga/projects/lte_phy_math/math/math_fma_macro.sv" Line 23. Module math_fma_macro_default doesn't have a timescale but at least one module in design has a timescale.
WARNING: [XSIM 43-4099] "C:/WorkPrograms/git-projects/srsRAN_4G/fpga/projects/lte_phy_math/math/math_fma_macro.sv" Line 23. Module math_fma_macro_default doesn't have a timescale but at least one module in design has a timescale.
Completed simulation data flow analysis
Time Resolution for simulation is 1ps
Compiling module xil_defaultlib.math_fma_macro_default
Compiling module xil_defaultlib.tb_math_fma_macro
Compiling module xil_defaultlib.glbl
Built simulation snapshot tb_math_fma_macro_behav
INFO: [USF-XSim-69] 'elaborate' step finished in '3' seconds
Time resolution is 1 ps
$finish called at time : 25 ns : File "C:/WorkPrograms/git-projects/srsRAN_4G/fpga/projects/lte_phy_math/testbench/math_fma_macro_tb.sv" Line 74
relaunch_sim: Time (s): cpu = 00:00:01 ; elapsed = 00:00:07 . Memory (MB): peak = 2705.637 ; gain = 0.000
relaunch_sim
Command: launch_simulation -step compile -simset sim_1 -mode behavioral
INFO: [Vivado 12-12493] Simulation top is 'tb_math_fma_macro'
WARNING: [Vivado 12-13340] Unable to auto find GCC executables from simulator install path! (path not set)
INFO: [Vivado 12-5682] Launching behavioral simulation in 'C:/WorkPrograms/git-projects/srsRAN_4G/fpga/projects/lte_phy_math/lte_phy_math.sim/sim_1/behav/xsim'
INFO: [SIM-utils-51] Simulation object is 'sim_1'
INFO: [USF-XSim-2] XSim::Compile design
INFO: [USF-XSim-61] Executing 'COMPILE and ANALYZE' step in 'C:/WorkPrograms/git-projects/srsRAN_4G/fpga/projects/lte_phy_math/lte_phy_math.sim/sim_1/behav/xsim'
"xvlog --incr --relax -L uvm -prj tb_math_fma_macro_vlog.prj"
INFO: [VRFC 10-2263] Analyzing SystemVerilog file "C:/WorkPrograms/git-projects/srsRAN_4G/fpga/projects/lte_phy_math/math/math_fma_macro.sv" into library xil_defaultlib
INFO: [VRFC 10-311] analyzing module math_fma_macro
INFO: [VRFC 10-2263] Analyzing SystemVerilog file "C:/WorkPrograms/git-projects/srsRAN_4G/fpga/projects/lte_phy_math/testbench/math_fma_macro_tb.sv" into library xil_defaultlib
INFO: [VRFC 10-311] analyzing module tb_math_fma_macro
INFO: [USF-XSim-69] 'compile' step finished in '2' seconds
Command: launch_simulation -step elaborate -simset sim_1 -mode behavioral
INFO: [Vivado 12-12493] Simulation top is 'tb_math_fma_macro'
WARNING: [Vivado 12-13340] Unable to auto find GCC executables from simulator install path! (path not set)
INFO: [Vivado 12-5682] Launching behavioral simulation in 'C:/WorkPrograms/git-projects/srsRAN_4G/fpga/projects/lte_phy_math/lte_phy_math.sim/sim_1/behav/xsim'
INFO: [SIM-utils-51] Simulation object is 'sim_1'
INFO: [USF-XSim-3] XSim::Elaborate design
INFO: [USF-XSim-61] Executing 'ELABORATE' step in 'C:/WorkPrograms/git-projects/srsRAN_4G/fpga/projects/lte_phy_math/lte_phy_math.sim/sim_1/behav/xsim'
"xelab --incr --debug typical --relax --mt 2 -L xil_defaultlib -L uvm -L unisims_ver -L unimacro_ver -L secureip --snapshot tb_math_fma_macro_behav xil_defaultlib.tb_math_fma_macro xil_defaultlib.glbl -log elaborate.log"
Vivado Simulator v2023.2
Copyright 1986-2022 Xilinx, Inc. All Rights Reserved.
Copyright 2022-2023 Advanced Micro Devices, Inc. All Rights Reserved.
Running: C:/WorkPrograms/Engineering/Xilinx/Vivado/2023.2/bin/unwrapped/win64.o/xelab.exe --incr --debug typical --relax --mt 2 -L xil_defaultlib -L uvm -L unisims_ver -L unimacro_ver -L secureip --snapshot tb_math_fma_macro_behav xil_defaultlib.tb_math_fma_macro xil_defaultlib.glbl -log elaborate.log 
Using 2 slave threads.
Starting static elaboration
Pass Through NonSizing Optimizer
Completed static elaboration
Starting simulation data flow analysis
WARNING: [XSIM 43-4099] "C:/WorkPrograms/git-projects/srsRAN_4G/fpga/projects/lte_phy_math/math/math_fma_macro.sv" Line 23. Module math_fma_macro_default doesn't have a timescale but at least one module in design has a timescale.
WARNING: [XSIM 43-4099] "C:/WorkPrograms/git-projects/srsRAN_4G/fpga/projects/lte_phy_math/math/math_fma_macro.sv" Line 23. Module math_fma_macro_default doesn't have a timescale but at least one module in design has a timescale.
Completed simulation data flow analysis
Time Resolution for simulation is 1ps
Compiling module xil_defaultlib.math_fma_macro_default
Compiling module xil_defaultlib.tb_math_fma_macro
Compiling module xil_defaultlib.glbl
Built simulation snapshot tb_math_fma_macro_behav
INFO: [USF-XSim-69] 'elaborate' step finished in '3' seconds
Time resolution is 1 ps
$finish called at time : 25 ns : File "C:/WorkPrograms/git-projects/srsRAN_4G/fpga/projects/lte_phy_math/testbench/math_fma_macro_tb.sv" Line 76
relaunch_sim: Time (s): cpu = 00:00:02 ; elapsed = 00:00:07 . Memory (MB): peak = 2705.762 ; gain = 0.000
relaunch_sim
Command: launch_simulation -step compile -simset sim_1 -mode behavioral
INFO: [Vivado 12-12493] Simulation top is 'tb_math_fma_macro'
WARNING: [Vivado 12-13340] Unable to auto find GCC executables from simulator install path! (path not set)
INFO: [Vivado 12-5682] Launching behavioral simulation in 'C:/WorkPrograms/git-projects/srsRAN_4G/fpga/projects/lte_phy_math/lte_phy_math.sim/sim_1/behav/xsim'
INFO: [SIM-utils-51] Simulation object is 'sim_1'
INFO: [USF-XSim-2] XSim::Compile design
INFO: [USF-XSim-61] Executing 'COMPILE and ANALYZE' step in 'C:/WorkPrograms/git-projects/srsRAN_4G/fpga/projects/lte_phy_math/lte_phy_math.sim/sim_1/behav/xsim'
"xvlog --incr --relax -L uvm -prj tb_math_fma_macro_vlog.prj"
INFO: [USF-XSim-69] 'compile' step finished in '2' seconds
Command: launch_simulation -step elaborate -simset sim_1 -mode behavioral
INFO: [Vivado 12-12493] Simulation top is 'tb_math_fma_macro'
WARNING: [Vivado 12-13340] Unable to auto find GCC executables from simulator install path! (path not set)
INFO: [Vivado 12-5682] Launching behavioral simulation in 'C:/WorkPrograms/git-projects/srsRAN_4G/fpga/projects/lte_phy_math/lte_phy_math.sim/sim_1/behav/xsim'
INFO: [SIM-utils-51] Simulation object is 'sim_1'
INFO: [USF-XSim-3] XSim::Elaborate design
INFO: [USF-XSim-61] Executing 'ELABORATE' step in 'C:/WorkPrograms/git-projects/srsRAN_4G/fpga/projects/lte_phy_math/lte_phy_math.sim/sim_1/behav/xsim'
"xelab --incr --debug typical --relax --mt 2 -L xil_defaultlib -L uvm -L unisims_ver -L unimacro_ver -L secureip --snapshot tb_math_fma_macro_behav xil_defaultlib.tb_math_fma_macro xil_defaultlib.glbl -log elaborate.log"
Vivado Simulator v2023.2
Copyright 1986-2022 Xilinx, Inc. All Rights Reserved.
Copyright 2022-2023 Advanced Micro Devices, Inc. All Rights Reserved.
Running: C:/WorkPrograms/Engineering/Xilinx/Vivado/2023.2/bin/unwrapped/win64.o/xelab.exe --incr --debug typical --relax --mt 2 -L xil_defaultlib -L uvm -L unisims_ver -L unimacro_ver -L secureip --snapshot tb_math_fma_macro_behav xil_defaultlib.tb_math_fma_macro xil_defaultlib.glbl -log elaborate.log 
Using 2 slave threads.
Starting static elaboration
Pass Through NonSizing Optimizer
Completed static elaboration
INFO: [XSIM 43-4323] No Change in HDL. Linking previously generated obj files to create kernel
INFO: [USF-XSim-69] 'elaborate' step finished in '3' seconds
Time resolution is 1 ps
$finish called at time : 25 ns : File "C:/WorkPrograms/git-projects/srsRAN_4G/fpga/projects/lte_phy_math/testbench/math_fma_macro_tb.sv" Line 76
relaunch_sim: Time (s): cpu = 00:00:01 ; elapsed = 00:00:07 . Memory (MB): peak = 2707.383 ; gain = 0.000
WARNING: [filemgmt 56-199] Attempt to get parsing info during refresh. "On-the-fly" syntax checking information may be incorrect. [C:\WorkPrograms\git-projects\srsRAN_4G\fpga\projects\lte_phy_math\math\math_fma_macro.sv:]
WARNING: [filemgmt 56-199] Attempt to get parsing info during refresh. "On-the-fly" syntax checking information may be incorrect. [C:\WorkPrograms\git-projects\srsRAN_4G\fpga\projects\lte_phy_math\testbench\math_fma_macro_tb.sv:]
ERROR: [Common 17-180] Spawn failed: No error
relaunch_sim
Command: launch_simulation -step compile -simset sim_1 -mode behavioral
INFO: [Vivado 12-12493] Simulation top is 'tb_math_fma_macro'
WARNING: [Vivado 12-13340] Unable to auto find GCC executables from simulator install path! (path not set)
INFO: [Vivado 12-5682] Launching behavioral simulation in 'C:/WorkPrograms/git-projects/srsRAN_4G/fpga/projects/lte_phy_math/lte_phy_math.sim/sim_1/behav/xsim'
INFO: [SIM-utils-51] Simulation object is 'sim_1'
INFO: [USF-XSim-2] XSim::Compile design
INFO: [USF-XSim-61] Executing 'COMPILE and ANALYZE' step in 'C:/WorkPrograms/git-projects/srsRAN_4G/fpga/projects/lte_phy_math/lte_phy_math.sim/sim_1/behav/xsim'
"xvlog --incr --relax -L uvm -prj tb_math_fma_macro_vlog.prj"
INFO: [VRFC 10-2263] Analyzing SystemVerilog file "C:/WorkPrograms/git-projects/srsRAN_4G/fpga/projects/lte_phy_math/math/math_fma_macro.sv" into library xil_defaultlib
INFO: [VRFC 10-311] analyzing module math_fma_macro
INFO: [VRFC 10-2263] Analyzing SystemVerilog file "C:/WorkPrograms/git-projects/srsRAN_4G/fpga/projects/lte_phy_math/testbench/math_fma_macro_tb.sv" into library xil_defaultlib
INFO: [VRFC 10-311] analyzing module tb_math_fma_macro
INFO: [USF-XSim-69] 'compile' step finished in '2' seconds
Command: launch_simulation -step elaborate -simset sim_1 -mode behavioral
INFO: [Vivado 12-12493] Simulation top is 'tb_math_fma_macro'
WARNING: [Vivado 12-13340] Unable to auto find GCC executables from simulator install path! (path not set)
INFO: [Vivado 12-5682] Launching behavioral simulation in 'C:/WorkPrograms/git-projects/srsRAN_4G/fpga/projects/lte_phy_math/lte_phy_math.sim/sim_1/behav/xsim'
INFO: [SIM-utils-51] Simulation object is 'sim_1'
INFO: [USF-XSim-3] XSim::Elaborate design
INFO: [USF-XSim-61] Executing 'ELABORATE' step in 'C:/WorkPrograms/git-projects/srsRAN_4G/fpga/projects/lte_phy_math/lte_phy_math.sim/sim_1/behav/xsim'
"xelab --incr --debug typical --relax --mt 2 -L xil_defaultlib -L uvm -L unisims_ver -L unimacro_ver -L secureip --snapshot tb_math_fma_macro_behav xil_defaultlib.tb_math_fma_macro xil_defaultlib.glbl -log elaborate.log"
Vivado Simulator v2023.2
Copyright 1986-2022 Xilinx, Inc. All Rights Reserved.
Copyright 2022-2023 Advanced Micro Devices, Inc. All Rights Reserved.
Running: C:/WorkPrograms/Engineering/Xilinx/Vivado/2023.2/bin/unwrapped/win64.o/xelab.exe --incr --debug typical --relax --mt 2 -L xil_defaultlib -L uvm -L unisims_ver -L unimacro_ver -L secureip --snapshot tb_math_fma_macro_behav xil_defaultlib.tb_math_fma_macro xil_defaultlib.glbl -log elaborate.log 
Using 2 slave threads.
Starting static elaboration
Pass Through NonSizing Optimizer
Completed static elaboration
Starting simulation data flow analysis
WARNING: [XSIM 43-4099] "C:/WorkPrograms/git-projects/srsRAN_4G/fpga/projects/lte_phy_math/math/math_fma_macro.sv" Line 23. Module math_fma_macro_default doesn't have a timescale but at least one module in design has a timescale.
WARNING: [XSIM 43-4099] "C:/WorkPrograms/git-projects/srsRAN_4G/fpga/projects/lte_phy_math/math/math_fma_macro.sv" Line 23. Module math_fma_macro_default doesn't have a timescale but at least one module in design has a timescale.
Completed simulation data flow analysis
Time Resolution for simulation is 1ps
Compiling module xil_defaultlib.math_fma_macro_default
Compiling module xil_defaultlib.tb_math_fma_macro
Compiling module xil_defaultlib.glbl
Built simulation snapshot tb_math_fma_macro_behav
INFO: [USF-XSim-69] 'elaborate' step finished in '3' seconds
Time resolution is 1 ps
$finish called at time : 55 ns : File "C:/WorkPrograms/git-projects/srsRAN_4G/fpga/projects/lte_phy_math/testbench/math_fma_macro_tb.sv" Line 82
relaunch_sim: Time (s): cpu = 00:00:01 ; elapsed = 00:00:07 . Memory (MB): peak = 2711.715 ; gain = 0.000
relaunch_sim
Command: launch_simulation -step compile -simset sim_1 -mode behavioral
INFO: [Vivado 12-12493] Simulation top is 'tb_math_fma_macro'
WARNING: [Vivado 12-13340] Unable to auto find GCC executables from simulator install path! (path not set)
INFO: [Vivado 12-5682] Launching behavioral simulation in 'C:/WorkPrograms/git-projects/srsRAN_4G/fpga/projects/lte_phy_math/lte_phy_math.sim/sim_1/behav/xsim'
INFO: [SIM-utils-51] Simulation object is 'sim_1'
INFO: [USF-XSim-2] XSim::Compile design
INFO: [USF-XSim-61] Executing 'COMPILE and ANALYZE' step in 'C:/WorkPrograms/git-projects/srsRAN_4G/fpga/projects/lte_phy_math/lte_phy_math.sim/sim_1/behav/xsim'
"xvlog --incr --relax -L uvm -prj tb_math_fma_macro_vlog.prj"
INFO: [USF-XSim-69] 'compile' step finished in '2' seconds
Command: launch_simulation -step elaborate -simset sim_1 -mode behavioral
INFO: [Vivado 12-12493] Simulation top is 'tb_math_fma_macro'
WARNING: [Vivado 12-13340] Unable to auto find GCC executables from simulator install path! (path not set)
INFO: [Vivado 12-5682] Launching behavioral simulation in 'C:/WorkPrograms/git-projects/srsRAN_4G/fpga/projects/lte_phy_math/lte_phy_math.sim/sim_1/behav/xsim'
INFO: [SIM-utils-51] Simulation object is 'sim_1'
INFO: [USF-XSim-3] XSim::Elaborate design
INFO: [USF-XSim-61] Executing 'ELABORATE' step in 'C:/WorkPrograms/git-projects/srsRAN_4G/fpga/projects/lte_phy_math/lte_phy_math.sim/sim_1/behav/xsim'
"xelab --incr --debug typical --relax --mt 2 -L xil_defaultlib -L uvm -L unisims_ver -L unimacro_ver -L secureip --snapshot tb_math_fma_macro_behav xil_defaultlib.tb_math_fma_macro xil_defaultlib.glbl -log elaborate.log"
Vivado Simulator v2023.2
Copyright 1986-2022 Xilinx, Inc. All Rights Reserved.
Copyright 2022-2023 Advanced Micro Devices, Inc. All Rights Reserved.
Running: C:/WorkPrograms/Engineering/Xilinx/Vivado/2023.2/bin/unwrapped/win64.o/xelab.exe --incr --debug typical --relax --mt 2 -L xil_defaultlib -L uvm -L unisims_ver -L unimacro_ver -L secureip --snapshot tb_math_fma_macro_behav xil_defaultlib.tb_math_fma_macro xil_defaultlib.glbl -log elaborate.log 
Using 2 slave threads.
Starting static elaboration
Pass Through NonSizing Optimizer
Completed static elaboration
INFO: [XSIM 43-4323] No Change in HDL. Linking previously generated obj files to create kernel
INFO: [USF-XSim-69] 'elaborate' step finished in '3' seconds
Time resolution is 1 ps
$finish called at time : 55 ns : File "C:/WorkPrograms/git-projects/srsRAN_4G/fpga/projects/lte_phy_math/testbench/math_fma_macro_tb.sv" Line 82
relaunch_sim: Time (s): cpu = 00:00:01 ; elapsed = 00:00:07 . Memory (MB): peak = 2722.953 ; gain = 0.000
relaunch_sim
Command: launch_simulation -step compile -simset sim_1 -mode behavioral
INFO: [Vivado 12-12493] Simulation top is 'tb_math_fma_macro'
WARNING: [Vivado 12-13340] Unable to auto find GCC executables from simulator install path! (path not set)
INFO: [Vivado 12-5682] Launching behavioral simulation in 'C:/WorkPrograms/git-projects/srsRAN_4G/fpga/projects/lte_phy_math/lte_phy_math.sim/sim_1/behav/xsim'
INFO: [SIM-utils-51] Simulation object is 'sim_1'
INFO: [USF-XSim-2] XSim::Compile design
INFO: [USF-XSim-61] Executing 'COMPILE and ANALYZE' step in 'C:/WorkPrograms/git-projects/srsRAN_4G/fpga/projects/lte_phy_math/lte_phy_math.sim/sim_1/behav/xsim'
"xvlog --incr --relax -L uvm -prj tb_math_fma_macro_vlog.prj"
INFO: [VRFC 10-2263] Analyzing SystemVerilog file "C:/WorkPrograms/git-projects/srsRAN_4G/fpga/projects/lte_phy_math/math/math_fma_macro.sv" into library xil_defaultlib
INFO: [VRFC 10-311] analyzing module math_fma_macro
INFO: [VRFC 10-2263] Analyzing SystemVerilog file "C:/WorkPrograms/git-projects/srsRAN_4G/fpga/projects/lte_phy_math/testbench/math_fma_macro_tb.sv" into library xil_defaultlib
INFO: [VRFC 10-311] analyzing module tb_math_fma_macro
INFO: [USF-XSim-69] 'compile' step finished in '3' seconds
Command: launch_simulation -step elaborate -simset sim_1 -mode behavioral
INFO: [Vivado 12-12493] Simulation top is 'tb_math_fma_macro'
WARNING: [Vivado 12-13340] Unable to auto find GCC executables from simulator install path! (path not set)
INFO: [Vivado 12-5682] Launching behavioral simulation in 'C:/WorkPrograms/git-projects/srsRAN_4G/fpga/projects/lte_phy_math/lte_phy_math.sim/sim_1/behav/xsim'
INFO: [SIM-utils-51] Simulation object is 'sim_1'
INFO: [USF-XSim-3] XSim::Elaborate design
INFO: [USF-XSim-61] Executing 'ELABORATE' step in 'C:/WorkPrograms/git-projects/srsRAN_4G/fpga/projects/lte_phy_math/lte_phy_math.sim/sim_1/behav/xsim'
"xelab --incr --debug typical --relax --mt 2 -L xil_defaultlib -L uvm -L unisims_ver -L unimacro_ver -L secureip --snapshot tb_math_fma_macro_behav xil_defaultlib.tb_math_fma_macro xil_defaultlib.glbl -log elaborate.log"
Vivado Simulator v2023.2
Copyright 1986-2022 Xilinx, Inc. All Rights Reserved.
Copyright 2022-2023 Advanced Micro Devices, Inc. All Rights Reserved.
Running: C:/WorkPrograms/Engineering/Xilinx/Vivado/2023.2/bin/unwrapped/win64.o/xelab.exe --incr --debug typical --relax --mt 2 -L xil_defaultlib -L uvm -L unisims_ver -L unimacro_ver -L secureip --snapshot tb_math_fma_macro_behav xil_defaultlib.tb_math_fma_macro xil_defaultlib.glbl -log elaborate.log 
Using 2 slave threads.
Starting static elaboration
Pass Through NonSizing Optimizer
Completed static elaboration
Starting simulation data flow analysis
WARNING: [XSIM 43-4099] "C:/WorkPrograms/git-projects/srsRAN_4G/fpga/projects/lte_phy_math/math/math_fma_macro.sv" Line 23. Module math_fma_macro_default doesn't have a timescale but at least one module in design has a timescale.
WARNING: [XSIM 43-4099] "C:/WorkPrograms/git-projects/srsRAN_4G/fpga/projects/lte_phy_math/math/math_fma_macro.sv" Line 23. Module math_fma_macro_default doesn't have a timescale but at least one module in design has a timescale.
Completed simulation data flow analysis
Time Resolution for simulation is 1ps
Compiling module xil_defaultlib.math_fma_macro_default
Compiling module xil_defaultlib.tb_math_fma_macro
Compiling module xil_defaultlib.glbl
Built simulation snapshot tb_math_fma_macro_behav
INFO: [USF-XSim-69] 'elaborate' step finished in '3' seconds
Time resolution is 1 ps
$finish called at time : 55 ns : File "C:/WorkPrograms/git-projects/srsRAN_4G/fpga/projects/lte_phy_math/testbench/math_fma_macro_tb.sv" Line 82
relaunch_sim: Time (s): cpu = 00:00:01 ; elapsed = 00:00:08 . Memory (MB): peak = 2722.953 ; gain = 0.000
WARNING: [filemgmt 56-199] Attempt to get parsing info during refresh. "On-the-fly" syntax checking information may be incorrect. [C:\WorkPrograms\git-projects\srsRAN_4G\fpga\projects\lte_phy_math\math\math_fma_macro.sv:]
WARNING: [filemgmt 56-199] Attempt to get parsing info during refresh. "On-the-fly" syntax checking information may be incorrect. [C:\WorkPrograms\git-projects\srsRAN_4G\fpga\projects\lte_phy_math\testbench\math_fma_macro_tb.sv:]
ERROR: [Common 17-180] Spawn failed: No error
WARNING: [filemgmt 56-199] Attempt to get parsing info during refresh. "On-the-fly" syntax checking information may be incorrect. [C:\WorkPrograms\git-projects\srsRAN_4G\fpga\projects\lte_phy_math\math\math_fma_macro.sv:]
WARNING: [filemgmt 56-199] Attempt to get parsing info during refresh. "On-the-fly" syntax checking information may be incorrect. [C:\WorkPrograms\git-projects\srsRAN_4G\fpga\projects\lte_phy_math\testbench\math_fma_macro_tb.sv:]
ERROR: [Common 17-180] Spawn failed: No error
WARNING: [filemgmt 56-199] Attempt to get parsing info during refresh. "On-the-fly" syntax checking information may be incorrect. [C:\WorkPrograms\git-projects\srsRAN_4G\fpga\projects\lte_phy_math\math\math_fma_macro.sv:]
WARNING: [filemgmt 56-199] Attempt to get parsing info during refresh. "On-the-fly" syntax checking information may be incorrect. [C:\WorkPrograms\git-projects\srsRAN_4G\fpga\projects\lte_phy_math\testbench\math_fma_macro_tb.sv:]
ERROR: [Common 17-180] Spawn failed: No error
WARNING: [filemgmt 56-199] Attempt to get parsing info during refresh. "On-the-fly" syntax checking information may be incorrect. [C:\WorkPrograms\git-projects\srsRAN_4G\fpga\projects\lte_phy_math\math\math_fma_macro.sv:]
WARNING: [filemgmt 56-199] Attempt to get parsing info during refresh. "On-the-fly" syntax checking information may be incorrect. [C:\WorkPrograms\git-projects\srsRAN_4G\fpga\projects\lte_phy_math\testbench\math_fma_macro_tb.sv:]
ERROR: [Common 17-180] Spawn failed: No error
WARNING: [filemgmt 56-199] Attempt to get parsing info during refresh. "On-the-fly" syntax checking information may be incorrect. [C:\WorkPrograms\git-projects\srsRAN_4G\fpga\projects\lte_phy_math\math\math_fma_macro.sv:]
WARNING: [filemgmt 56-199] Attempt to get parsing info during refresh. "On-the-fly" syntax checking information may be incorrect. [C:\WorkPrograms\git-projects\srsRAN_4G\fpga\projects\lte_phy_math\testbench\math_fma_macro_tb.sv:]
ERROR: [Common 17-180] Spawn failed: No error
WARNING: [filemgmt 56-199] Attempt to get parsing info during refresh. "On-the-fly" syntax checking information may be incorrect. [C:\WorkPrograms\git-projects\srsRAN_4G\fpga\projects\lte_phy_math\math\math_fma_macro.sv:]
WARNING: [filemgmt 56-199] Attempt to get parsing info during refresh. "On-the-fly" syntax checking information may be incorrect. [C:\WorkPrograms\git-projects\srsRAN_4G\fpga\projects\lte_phy_math\testbench\math_fma_macro_tb.sv:]
ERROR: [Common 17-180] Spawn failed: No error
relaunch_sim
Command: launch_simulation -step compile -simset sim_1 -mode behavioral
INFO: [Vivado 12-12493] Simulation top is 'tb_math_fma_macro'
WARNING: [Vivado 12-13340] Unable to auto find GCC executables from simulator install path! (path not set)
INFO: [Vivado 12-5682] Launching behavioral simulation in 'C:/WorkPrograms/git-projects/srsRAN_4G/fpga/projects/lte_phy_math/lte_phy_math.sim/sim_1/behav/xsim'
INFO: [SIM-utils-51] Simulation object is 'sim_1'
INFO: [USF-XSim-2] XSim::Compile design
INFO: [USF-XSim-61] Executing 'COMPILE and ANALYZE' step in 'C:/WorkPrograms/git-projects/srsRAN_4G/fpga/projects/lte_phy_math/lte_phy_math.sim/sim_1/behav/xsim'
"xvlog --incr --relax -L uvm -prj tb_math_fma_macro_vlog.prj"
INFO: [VRFC 10-2263] Analyzing SystemVerilog file "C:/WorkPrograms/git-projects/srsRAN_4G/fpga/projects/lte_phy_math/math/math_fma_macro.sv" into library xil_defaultlib
INFO: [VRFC 10-311] analyzing module math_fma_macro
INFO: [VRFC 10-2263] Analyzing SystemVerilog file "C:/WorkPrograms/git-projects/srsRAN_4G/fpga/projects/lte_phy_math/testbench/math_fma_macro_tb.sv" into library xil_defaultlib
INFO: [VRFC 10-311] analyzing module tb_math_fma_macro
INFO: [USF-XSim-69] 'compile' step finished in '2' seconds
Command: launch_simulation -step elaborate -simset sim_1 -mode behavioral
INFO: [Vivado 12-12493] Simulation top is 'tb_math_fma_macro'
WARNING: [Vivado 12-13340] Unable to auto find GCC executables from simulator install path! (path not set)
INFO: [Vivado 12-5682] Launching behavioral simulation in 'C:/WorkPrograms/git-projects/srsRAN_4G/fpga/projects/lte_phy_math/lte_phy_math.sim/sim_1/behav/xsim'
INFO: [SIM-utils-51] Simulation object is 'sim_1'
INFO: [USF-XSim-3] XSim::Elaborate design
INFO: [USF-XSim-61] Executing 'ELABORATE' step in 'C:/WorkPrograms/git-projects/srsRAN_4G/fpga/projects/lte_phy_math/lte_phy_math.sim/sim_1/behav/xsim'
"xelab --incr --debug typical --relax --mt 2 -L xil_defaultlib -L uvm -L unisims_ver -L unimacro_ver -L secureip --snapshot tb_math_fma_macro_behav xil_defaultlib.tb_math_fma_macro xil_defaultlib.glbl -log elaborate.log"
Vivado Simulator v2023.2
Copyright 1986-2022 Xilinx, Inc. All Rights Reserved.
Copyright 2022-2023 Advanced Micro Devices, Inc. All Rights Reserved.
Running: C:/WorkPrograms/Engineering/Xilinx/Vivado/2023.2/bin/unwrapped/win64.o/xelab.exe --incr --debug typical --relax --mt 2 -L xil_defaultlib -L uvm -L unisims_ver -L unimacro_ver -L secureip --snapshot tb_math_fma_macro_behav xil_defaultlib.tb_math_fma_macro xil_defaultlib.glbl -log elaborate.log 
Using 2 slave threads.
Starting static elaboration
Pass Through NonSizing Optimizer
Completed static elaboration
Starting simulation data flow analysis
WARNING: [XSIM 43-4099] "C:/WorkPrograms/git-projects/srsRAN_4G/fpga/projects/lte_phy_math/math/math_fma_macro.sv" Line 23. Module math_fma_macro_default doesn't have a timescale but at least one module in design has a timescale.
WARNING: [XSIM 43-4099] "C:/WorkPrograms/git-projects/srsRAN_4G/fpga/projects/lte_phy_math/math/math_fma_macro.sv" Line 23. Module math_fma_macro_default doesn't have a timescale but at least one module in design has a timescale.
Completed simulation data flow analysis
Time Resolution for simulation is 1ps
Compiling module xil_defaultlib.math_fma_macro_default
Compiling module xil_defaultlib.tb_math_fma_macro
Compiling module xil_defaultlib.glbl
Built simulation snapshot tb_math_fma_macro_behav
INFO: [USF-XSim-69] 'elaborate' step finished in '3' seconds
Time resolution is 1 ps
$finish called at time : 55 ns : File "C:/WorkPrograms/git-projects/srsRAN_4G/fpga/projects/lte_phy_math/testbench/math_fma_macro_tb.sv" Line 82
relaunch_sim: Time (s): cpu = 00:00:01 ; elapsed = 00:00:07 . Memory (MB): peak = 2722.953 ; gain = 0.000
relaunch_sim
Command: launch_simulation -step compile -simset sim_1 -mode behavioral
INFO: [Vivado 12-12493] Simulation top is 'tb_math_fma_macro'
WARNING: [Vivado 12-13340] Unable to auto find GCC executables from simulator install path! (path not set)
INFO: [Vivado 12-5682] Launching behavioral simulation in 'C:/WorkPrograms/git-projects/srsRAN_4G/fpga/projects/lte_phy_math/lte_phy_math.sim/sim_1/behav/xsim'
INFO: [SIM-utils-51] Simulation object is 'sim_1'
INFO: [USF-XSim-2] XSim::Compile design
INFO: [USF-XSim-61] Executing 'COMPILE and ANALYZE' step in 'C:/WorkPrograms/git-projects/srsRAN_4G/fpga/projects/lte_phy_math/lte_phy_math.sim/sim_1/behav/xsim'
"xvlog --incr --relax -L uvm -prj tb_math_fma_macro_vlog.prj"
INFO: [USF-XSim-69] 'compile' step finished in '2' seconds
Command: launch_simulation -step elaborate -simset sim_1 -mode behavioral
INFO: [Vivado 12-12493] Simulation top is 'tb_math_fma_macro'
WARNING: [Vivado 12-13340] Unable to auto find GCC executables from simulator install path! (path not set)
INFO: [Vivado 12-5682] Launching behavioral simulation in 'C:/WorkPrograms/git-projects/srsRAN_4G/fpga/projects/lte_phy_math/lte_phy_math.sim/sim_1/behav/xsim'
INFO: [SIM-utils-51] Simulation object is 'sim_1'
INFO: [USF-XSim-3] XSim::Elaborate design
INFO: [USF-XSim-61] Executing 'ELABORATE' step in 'C:/WorkPrograms/git-projects/srsRAN_4G/fpga/projects/lte_phy_math/lte_phy_math.sim/sim_1/behav/xsim'
"xelab --incr --debug typical --relax --mt 2 -L xil_defaultlib -L uvm -L unisims_ver -L unimacro_ver -L secureip --snapshot tb_math_fma_macro_behav xil_defaultlib.tb_math_fma_macro xil_defaultlib.glbl -log elaborate.log"
Vivado Simulator v2023.2
Copyright 1986-2022 Xilinx, Inc. All Rights Reserved.
Copyright 2022-2023 Advanced Micro Devices, Inc. All Rights Reserved.
Running: C:/WorkPrograms/Engineering/Xilinx/Vivado/2023.2/bin/unwrapped/win64.o/xelab.exe --incr --debug typical --relax --mt 2 -L xil_defaultlib -L uvm -L unisims_ver -L unimacro_ver -L secureip --snapshot tb_math_fma_macro_behav xil_defaultlib.tb_math_fma_macro xil_defaultlib.glbl -log elaborate.log 
Using 2 slave threads.
Starting static elaboration
Pass Through NonSizing Optimizer
Completed static elaboration
INFO: [XSIM 43-4323] No Change in HDL. Linking previously generated obj files to create kernel
INFO: [USF-XSim-69] 'elaborate' step finished in '2' seconds
Time resolution is 1 ps
$finish called at time : 55 ns : File "C:/WorkPrograms/git-projects/srsRAN_4G/fpga/projects/lte_phy_math/testbench/math_fma_macro_tb.sv" Line 82
relaunch_sim: Time (s): cpu = 00:00:00 ; elapsed = 00:00:06 . Memory (MB): peak = 2722.953 ; gain = 0.000
relaunch_sim
Command: launch_simulation -step compile -simset sim_1 -mode behavioral
INFO: [Vivado 12-12493] Simulation top is 'tb_math_fma_macro'
WARNING: [Vivado 12-13340] Unable to auto find GCC executables from simulator install path! (path not set)
INFO: [Vivado 12-5682] Launching behavioral simulation in 'C:/WorkPrograms/git-projects/srsRAN_4G/fpga/projects/lte_phy_math/lte_phy_math.sim/sim_1/behav/xsim'
INFO: [SIM-utils-51] Simulation object is 'sim_1'
INFO: [USF-XSim-2] XSim::Compile design
INFO: [USF-XSim-61] Executing 'COMPILE and ANALYZE' step in 'C:/WorkPrograms/git-projects/srsRAN_4G/fpga/projects/lte_phy_math/lte_phy_math.sim/sim_1/behav/xsim'
"xvlog --incr --relax -L uvm -prj tb_math_fma_macro_vlog.prj"
INFO: [VRFC 10-2263] Analyzing SystemVerilog file "C:/WorkPrograms/git-projects/srsRAN_4G/fpga/projects/lte_phy_math/math/math_fma_macro.sv" into library xil_defaultlib
INFO: [VRFC 10-311] analyzing module math_fma_macro
INFO: [VRFC 10-2263] Analyzing SystemVerilog file "C:/WorkPrograms/git-projects/srsRAN_4G/fpga/projects/lte_phy_math/testbench/math_fma_macro_tb.sv" into library xil_defaultlib
INFO: [VRFC 10-311] analyzing module tb_math_fma_macro
INFO: [USF-XSim-69] 'compile' step finished in '2' seconds
Command: launch_simulation -step elaborate -simset sim_1 -mode behavioral
INFO: [Vivado 12-12493] Simulation top is 'tb_math_fma_macro'
WARNING: [Vivado 12-13340] Unable to auto find GCC executables from simulator install path! (path not set)
INFO: [Vivado 12-5682] Launching behavioral simulation in 'C:/WorkPrograms/git-projects/srsRAN_4G/fpga/projects/lte_phy_math/lte_phy_math.sim/sim_1/behav/xsim'
INFO: [SIM-utils-51] Simulation object is 'sim_1'
INFO: [USF-XSim-3] XSim::Elaborate design
INFO: [USF-XSim-61] Executing 'ELABORATE' step in 'C:/WorkPrograms/git-projects/srsRAN_4G/fpga/projects/lte_phy_math/lte_phy_math.sim/sim_1/behav/xsim'
"xelab --incr --debug typical --relax --mt 2 -L xil_defaultlib -L uvm -L unisims_ver -L unimacro_ver -L secureip --snapshot tb_math_fma_macro_behav xil_defaultlib.tb_math_fma_macro xil_defaultlib.glbl -log elaborate.log"
Vivado Simulator v2023.2
Copyright 1986-2022 Xilinx, Inc. All Rights Reserved.
Copyright 2022-2023 Advanced Micro Devices, Inc. All Rights Reserved.
Running: C:/WorkPrograms/Engineering/Xilinx/Vivado/2023.2/bin/unwrapped/win64.o/xelab.exe --incr --debug typical --relax --mt 2 -L xil_defaultlib -L uvm -L unisims_ver -L unimacro_ver -L secureip --snapshot tb_math_fma_macro_behav xil_defaultlib.tb_math_fma_macro xil_defaultlib.glbl -log elaborate.log 
Using 2 slave threads.
Starting static elaboration
Pass Through NonSizing Optimizer
Completed static elaboration
Starting simulation data flow analysis
WARNING: [XSIM 43-4099] "C:/WorkPrograms/git-projects/srsRAN_4G/fpga/projects/lte_phy_math/math/math_fma_macro.sv" Line 23. Module math_fma_macro_default doesn't have a timescale but at least one module in design has a timescale.
WARNING: [XSIM 43-4099] "C:/WorkPrograms/git-projects/srsRAN_4G/fpga/projects/lte_phy_math/math/math_fma_macro.sv" Line 23. Module math_fma_macro_default doesn't have a timescale but at least one module in design has a timescale.
Completed simulation data flow analysis
Time Resolution for simulation is 1ps
Compiling module xil_defaultlib.math_fma_macro_default
Compiling module xil_defaultlib.tb_math_fma_macro
Compiling module xil_defaultlib.glbl
Built simulation snapshot tb_math_fma_macro_behav
INFO: [USF-XSim-69] 'elaborate' step finished in '5' seconds
Time resolution is 1 ps
$finish called at time : 65 ns : File "C:/WorkPrograms/git-projects/srsRAN_4G/fpga/projects/lte_phy_math/testbench/math_fma_macro_tb.sv" Line 85
relaunch_sim: Time (s): cpu = 00:00:01 ; elapsed = 00:00:09 . Memory (MB): peak = 2723.188 ; gain = 0.234
WARNING: [filemgmt 56-199] Attempt to get parsing info during refresh. "On-the-fly" syntax checking information may be incorrect. [C:\WorkPrograms\git-projects\srsRAN_4G\fpga\projects\lte_phy_math\math\math_fma_macro.sv:]
WARNING: [filemgmt 56-199] Attempt to get parsing info during refresh. "On-the-fly" syntax checking information may be incorrect. [C:\WorkPrograms\git-projects\srsRAN_4G\fpga\projects\lte_phy_math\testbench\math_fma_macro_tb.sv:]
ERROR: [Common 17-180] Spawn failed: No error
relaunch_sim
Command: launch_simulation -step compile -simset sim_1 -mode behavioral
INFO: [Vivado 12-12493] Simulation top is 'tb_math_fma_macro'
WARNING: [Vivado 12-13340] Unable to auto find GCC executables from simulator install path! (path not set)
INFO: [Vivado 12-5682] Launching behavioral simulation in 'C:/WorkPrograms/git-projects/srsRAN_4G/fpga/projects/lte_phy_math/lte_phy_math.sim/sim_1/behav/xsim'
INFO: [SIM-utils-51] Simulation object is 'sim_1'
INFO: [USF-XSim-2] XSim::Compile design
INFO: [USF-XSim-61] Executing 'COMPILE and ANALYZE' step in 'C:/WorkPrograms/git-projects/srsRAN_4G/fpga/projects/lte_phy_math/lte_phy_math.sim/sim_1/behav/xsim'
"xvlog --incr --relax -L uvm -prj tb_math_fma_macro_vlog.prj"
INFO: [VRFC 10-2263] Analyzing SystemVerilog file "C:/WorkPrograms/git-projects/srsRAN_4G/fpga/projects/lte_phy_math/math/math_fma_macro.sv" into library xil_defaultlib
INFO: [VRFC 10-311] analyzing module math_fma_macro
INFO: [VRFC 10-2263] Analyzing SystemVerilog file "C:/WorkPrograms/git-projects/srsRAN_4G/fpga/projects/lte_phy_math/testbench/math_fma_macro_tb.sv" into library xil_defaultlib
INFO: [VRFC 10-311] analyzing module tb_math_fma_macro
INFO: [USF-XSim-69] 'compile' step finished in '2' seconds
Command: launch_simulation -step elaborate -simset sim_1 -mode behavioral
INFO: [Vivado 12-12493] Simulation top is 'tb_math_fma_macro'
WARNING: [Vivado 12-13340] Unable to auto find GCC executables from simulator install path! (path not set)
INFO: [Vivado 12-5682] Launching behavioral simulation in 'C:/WorkPrograms/git-projects/srsRAN_4G/fpga/projects/lte_phy_math/lte_phy_math.sim/sim_1/behav/xsim'
INFO: [SIM-utils-51] Simulation object is 'sim_1'
INFO: [USF-XSim-3] XSim::Elaborate design
INFO: [USF-XSim-61] Executing 'ELABORATE' step in 'C:/WorkPrograms/git-projects/srsRAN_4G/fpga/projects/lte_phy_math/lte_phy_math.sim/sim_1/behav/xsim'
"xelab --incr --debug typical --relax --mt 2 -L xil_defaultlib -L uvm -L unisims_ver -L unimacro_ver -L secureip --snapshot tb_math_fma_macro_behav xil_defaultlib.tb_math_fma_macro xil_defaultlib.glbl -log elaborate.log"
Vivado Simulator v2023.2
Copyright 1986-2022 Xilinx, Inc. All Rights Reserved.
Copyright 2022-2023 Advanced Micro Devices, Inc. All Rights Reserved.
Running: C:/WorkPrograms/Engineering/Xilinx/Vivado/2023.2/bin/unwrapped/win64.o/xelab.exe --incr --debug typical --relax --mt 2 -L xil_defaultlib -L uvm -L unisims_ver -L unimacro_ver -L secureip --snapshot tb_math_fma_macro_behav xil_defaultlib.tb_math_fma_macro xil_defaultlib.glbl -log elaborate.log 
Using 2 slave threads.
Starting static elaboration
Pass Through NonSizing Optimizer
Completed static elaboration
Starting simulation data flow analysis
WARNING: [XSIM 43-4099] "C:/WorkPrograms/git-projects/srsRAN_4G/fpga/projects/lte_phy_math/math/math_fma_macro.sv" Line 23. Module math_fma_macro_default doesn't have a timescale but at least one module in design has a timescale.
WARNING: [XSIM 43-4099] "C:/WorkPrograms/git-projects/srsRAN_4G/fpga/projects/lte_phy_math/math/math_fma_macro.sv" Line 23. Module math_fma_macro_default doesn't have a timescale but at least one module in design has a timescale.
Completed simulation data flow analysis
Time Resolution for simulation is 1ps
Compiling module xil_defaultlib.math_fma_macro_default
Compiling module xil_defaultlib.tb_math_fma_macro
Compiling module xil_defaultlib.glbl
Built simulation snapshot tb_math_fma_macro_behav
INFO: [USF-XSim-69] 'elaborate' step finished in '2' seconds
Time resolution is 1 ps
$finish called at time : 65 ns : File "C:/WorkPrograms/git-projects/srsRAN_4G/fpga/projects/lte_phy_math/testbench/math_fma_macro_tb.sv" Line 85
relaunch_sim: Time (s): cpu = 00:00:01 ; elapsed = 00:00:07 . Memory (MB): peak = 2723.188 ; gain = 0.000
WARNING: [filemgmt 56-199] Attempt to get parsing info during refresh. "On-the-fly" syntax checking information may be incorrect. [C:\WorkPrograms\git-projects\srsRAN_4G\fpga\projects\lte_phy_math\math\math_fma_macro.sv:]
WARNING: [filemgmt 56-199] Attempt to get parsing info during refresh. "On-the-fly" syntax checking information may be incorrect. [C:\WorkPrograms\git-projects\srsRAN_4G\fpga\projects\lte_phy_math\testbench\math_fma_macro_tb.sv:]
WARNING: [filemgmt 56-199] Attempt to get parsing info during refresh. "On-the-fly" syntax checking information may be incorrect. [C:\WorkPrograms\git-projects\srsRAN_4G\fpga\projects\lte_phy_math\math\math_fma_macro.sv:]
WARNING: [filemgmt 56-199] Attempt to get parsing info during refresh. "On-the-fly" syntax checking information may be incorrect. [C:\WorkPrograms\git-projects\srsRAN_4G\fpga\projects\lte_phy_math\testbench\math_fma_macro_tb.sv:]
ERROR: [Common 17-180] Spawn failed: No error
WARNING: [filemgmt 56-199] Attempt to get parsing info during refresh. "On-the-fly" syntax checking information may be incorrect. [C:\WorkPrograms\git-projects\srsRAN_4G\fpga\projects\lte_phy_math\math\math_fma_macro.sv:]
WARNING: [filemgmt 56-199] Attempt to get parsing info during refresh. "On-the-fly" syntax checking information may be incorrect. [C:\WorkPrograms\git-projects\srsRAN_4G\fpga\projects\lte_phy_math\testbench\math_fma_macro_tb.sv:]
ERROR: [Common 17-180] Spawn failed: No error
relaunch_sim
Command: launch_simulation -step compile -simset sim_1 -mode behavioral
INFO: [Vivado 12-12493] Simulation top is 'tb_math_fma_macro'
WARNING: [Vivado 12-13340] Unable to auto find GCC executables from simulator install path! (path not set)
INFO: [Vivado 12-5682] Launching behavioral simulation in 'C:/WorkPrograms/git-projects/srsRAN_4G/fpga/projects/lte_phy_math/lte_phy_math.sim/sim_1/behav/xsim'
INFO: [SIM-utils-51] Simulation object is 'sim_1'
INFO: [USF-XSim-2] XSim::Compile design
INFO: [USF-XSim-61] Executing 'COMPILE and ANALYZE' step in 'C:/WorkPrograms/git-projects/srsRAN_4G/fpga/projects/lte_phy_math/lte_phy_math.sim/sim_1/behav/xsim'
"xvlog --incr --relax -L uvm -prj tb_math_fma_macro_vlog.prj"
INFO: [VRFC 10-2263] Analyzing SystemVerilog file "C:/WorkPrograms/git-projects/srsRAN_4G/fpga/projects/lte_phy_math/math/math_fma_macro.sv" into library xil_defaultlib
INFO: [VRFC 10-311] analyzing module math_fma_macro
INFO: [VRFC 10-2263] Analyzing SystemVerilog file "C:/WorkPrograms/git-projects/srsRAN_4G/fpga/projects/lte_phy_math/testbench/math_fma_macro_tb.sv" into library xil_defaultlib
INFO: [VRFC 10-311] analyzing module tb_math_fma_macro
run_program: Time (s): cpu = 00:00:00 ; elapsed = 00:00:05 . Memory (MB): peak = 2723.633 ; gain = 0.000
INFO: [USF-XSim-69] 'compile' step finished in '5' seconds
launch_simulation: Time (s): cpu = 00:00:00 ; elapsed = 00:00:06 . Memory (MB): peak = 2723.633 ; gain = 0.000
Command: launch_simulation -step elaborate -simset sim_1 -mode behavioral
INFO: [Vivado 12-12493] Simulation top is 'tb_math_fma_macro'
WARNING: [Vivado 12-13340] Unable to auto find GCC executables from simulator install path! (path not set)
INFO: [Vivado 12-5682] Launching behavioral simulation in 'C:/WorkPrograms/git-projects/srsRAN_4G/fpga/projects/lte_phy_math/lte_phy_math.sim/sim_1/behav/xsim'
INFO: [SIM-utils-51] Simulation object is 'sim_1'
INFO: [USF-XSim-3] XSim::Elaborate design
INFO: [USF-XSim-61] Executing 'ELABORATE' step in 'C:/WorkPrograms/git-projects/srsRAN_4G/fpga/projects/lte_phy_math/lte_phy_math.sim/sim_1/behav/xsim'
"xelab --incr --debug typical --relax --mt 2 -L xil_defaultlib -L uvm -L unisims_ver -L unimacro_ver -L secureip --snapshot tb_math_fma_macro_behav xil_defaultlib.tb_math_fma_macro xil_defaultlib.glbl -log elaborate.log"
Vivado Simulator v2023.2
Copyright 1986-2022 Xilinx, Inc. All Rights Reserved.
Copyright 2022-2023 Advanced Micro Devices, Inc. All Rights Reserved.
Running: C:/WorkPrograms/Engineering/Xilinx/Vivado/2023.2/bin/unwrapped/win64.o/xelab.exe --incr --debug typical --relax --mt 2 -L xil_defaultlib -L uvm -L unisims_ver -L unimacro_ver -L secureip --snapshot tb_math_fma_macro_behav xil_defaultlib.tb_math_fma_macro xil_defaultlib.glbl -log elaborate.log 
Using 2 slave threads.
Starting static elaboration
Pass Through NonSizing Optimizer
Completed static elaboration
Starting simulation data flow analysis
WARNING: [XSIM 43-4099] "C:/WorkPrograms/git-projects/srsRAN_4G/fpga/projects/lte_phy_math/math/math_fma_macro.sv" Line 23. Module math_fma_macro_default doesn't have a timescale but at least one module in design has a timescale.
WARNING: [XSIM 43-4099] "C:/WorkPrograms/git-projects/srsRAN_4G/fpga/projects/lte_phy_math/math/math_fma_macro.sv" Line 23. Module math_fma_macro_default doesn't have a timescale but at least one module in design has a timescale.
Completed simulation data flow analysis
Time Resolution for simulation is 1ps
Compiling module xil_defaultlib.math_fma_macro_default
Compiling module xil_defaultlib.tb_math_fma_macro
Compiling module xil_defaultlib.glbl
Built simulation snapshot tb_math_fma_macro_behav
run_program: Time (s): cpu = 00:00:00 ; elapsed = 00:00:07 . Memory (MB): peak = 2723.633 ; gain = 0.000
INFO: [USF-XSim-69] 'elaborate' step finished in '7' seconds
launch_simulation: Time (s): cpu = 00:00:01 ; elapsed = 00:00:07 . Memory (MB): peak = 2723.633 ; gain = 0.000
Time resolution is 1 ps
$finish called at time : 65 ns : File "C:/WorkPrograms/git-projects/srsRAN_4G/fpga/projects/lte_phy_math/testbench/math_fma_macro_tb.sv" Line 85
relaunch_sim: Time (s): cpu = 00:00:01 ; elapsed = 00:00:16 . Memory (MB): peak = 2723.633 ; gain = 0.000
WARNING: [filemgmt 56-199] Attempt to get parsing info during refresh. "On-the-fly" syntax checking information may be incorrect. [C:\WorkPrograms\git-projects\srsRAN_4G\fpga\projects\lte_phy_math\math\math_fma_macro.sv:]
WARNING: [filemgmt 56-199] Attempt to get parsing info during refresh. "On-the-fly" syntax checking information may be incorrect. [C:\WorkPrograms\git-projects\srsRAN_4G\fpga\projects\lte_phy_math\testbench\math_fma_macro_tb.sv:]
ERROR: [Common 17-180] Spawn failed: No error
WARNING: [filemgmt 56-199] Attempt to get parsing info during refresh. "On-the-fly" syntax checking information may be incorrect. [C:\WorkPrograms\git-projects\srsRAN_4G\fpga\projects\lte_phy_math\math\math_fma_macro.sv:]
WARNING: [filemgmt 56-199] Attempt to get parsing info during refresh. "On-the-fly" syntax checking information may be incorrect. [C:\WorkPrograms\git-projects\srsRAN_4G\fpga\projects\lte_phy_math\testbench\math_fma_macro_tb.sv:]
ERROR: [Common 17-180] Spawn failed: No error
relaunch_sim
Command: launch_simulation -step compile -simset sim_1 -mode behavioral
INFO: [Vivado 12-12493] Simulation top is 'tb_math_fma_macro'
WARNING: [Vivado 12-13340] Unable to auto find GCC executables from simulator install path! (path not set)
INFO: [Vivado 12-5682] Launching behavioral simulation in 'C:/WorkPrograms/git-projects/srsRAN_4G/fpga/projects/lte_phy_math/lte_phy_math.sim/sim_1/behav/xsim'
INFO: [SIM-utils-51] Simulation object is 'sim_1'
INFO: [USF-XSim-2] XSim::Compile design
INFO: [USF-XSim-61] Executing 'COMPILE and ANALYZE' step in 'C:/WorkPrograms/git-projects/srsRAN_4G/fpga/projects/lte_phy_math/lte_phy_math.sim/sim_1/behav/xsim'
"xvlog --incr --relax -L uvm -prj tb_math_fma_macro_vlog.prj"
INFO: [VRFC 10-2263] Analyzing SystemVerilog file "C:/WorkPrograms/git-projects/srsRAN_4G/fpga/projects/lte_phy_math/math/math_fma_macro.sv" into library xil_defaultlib
INFO: [VRFC 10-311] analyzing module math_fma_macro
INFO: [VRFC 10-2263] Analyzing SystemVerilog file "C:/WorkPrograms/git-projects/srsRAN_4G/fpga/projects/lte_phy_math/testbench/math_fma_macro_tb.sv" into library xil_defaultlib
INFO: [VRFC 10-311] analyzing module tb_math_fma_macro
run_program: Time (s): cpu = 00:00:00 ; elapsed = 00:00:07 . Memory (MB): peak = 2724.473 ; gain = 0.000
INFO: [USF-XSim-69] 'compile' step finished in '7' seconds
launch_simulation: Time (s): cpu = 00:00:00 ; elapsed = 00:00:09 . Memory (MB): peak = 2724.473 ; gain = 0.000
Command: launch_simulation -step elaborate -simset sim_1 -mode behavioral
INFO: [Vivado 12-12493] Simulation top is 'tb_math_fma_macro'
WARNING: [Vivado 12-13340] Unable to auto find GCC executables from simulator install path! (path not set)
INFO: [Vivado 12-5682] Launching behavioral simulation in 'C:/WorkPrograms/git-projects/srsRAN_4G/fpga/projects/lte_phy_math/lte_phy_math.sim/sim_1/behav/xsim'
INFO: [SIM-utils-51] Simulation object is 'sim_1'
INFO: [USF-XSim-3] XSim::Elaborate design
INFO: [USF-XSim-61] Executing 'ELABORATE' step in 'C:/WorkPrograms/git-projects/srsRAN_4G/fpga/projects/lte_phy_math/lte_phy_math.sim/sim_1/behav/xsim'
"xelab --incr --debug typical --relax --mt 2 -L xil_defaultlib -L uvm -L unisims_ver -L unimacro_ver -L secureip --snapshot tb_math_fma_macro_behav xil_defaultlib.tb_math_fma_macro xil_defaultlib.glbl -log elaborate.log"
Vivado Simulator v2023.2
Copyright 1986-2022 Xilinx, Inc. All Rights Reserved.
Copyright 2022-2023 Advanced Micro Devices, Inc. All Rights Reserved.
Running: C:/WorkPrograms/Engineering/Xilinx/Vivado/2023.2/bin/unwrapped/win64.o/xelab.exe --incr --debug typical --relax --mt 2 -L xil_defaultlib -L uvm -L unisims_ver -L unimacro_ver -L secureip --snapshot tb_math_fma_macro_behav xil_defaultlib.tb_math_fma_macro xil_defaultlib.glbl -log elaborate.log 
Using 2 slave threads.
Starting static elaboration
Pass Through NonSizing Optimizer
Completed static elaboration
Starting simulation data flow analysis
WARNING: [XSIM 43-4099] "C:/WorkPrograms/git-projects/srsRAN_4G/fpga/projects/lte_phy_math/math/math_fma_macro.sv" Line 23. Module math_fma_macro_default doesn't have a timescale but at least one module in design has a timescale.
WARNING: [XSIM 43-4099] "C:/WorkPrograms/git-projects/srsRAN_4G/fpga/projects/lte_phy_math/math/math_fma_macro.sv" Line 23. Module math_fma_macro_default doesn't have a timescale but at least one module in design has a timescale.
Completed simulation data flow analysis
Time Resolution for simulation is 1ps
Compiling module xil_defaultlib.math_fma_macro_default
Compiling module xil_defaultlib.tb_math_fma_macro
Compiling module xil_defaultlib.glbl
Built simulation snapshot tb_math_fma_macro_behav
run_program: Time (s): cpu = 00:00:00 ; elapsed = 00:00:08 . Memory (MB): peak = 2724.473 ; gain = 0.000
INFO: [USF-XSim-69] 'elaborate' step finished in '8' seconds
launch_simulation: Time (s): cpu = 00:00:00 ; elapsed = 00:00:09 . Memory (MB): peak = 2724.473 ; gain = 0.000
Time resolution is 1 ps
$finish called at time : 65 ns : File "C:/WorkPrograms/git-projects/srsRAN_4G/fpga/projects/lte_phy_math/testbench/math_fma_macro_tb.sv" Line 85
relaunch_sim: Time (s): cpu = 00:00:01 ; elapsed = 00:00:21 . Memory (MB): peak = 2724.473 ; gain = 0.000
WARNING: [filemgmt 56-199] Attempt to get parsing info during refresh. "On-the-fly" syntax checking information may be incorrect. [C:\WorkPrograms\git-projects\srsRAN_4G\fpga\projects\lte_phy_math\math\math_fma_macro.sv:]
WARNING: [filemgmt 56-199] Attempt to get parsing info during refresh. "On-the-fly" syntax checking information may be incorrect. [C:\WorkPrograms\git-projects\srsRAN_4G\fpga\projects\lte_phy_math\testbench\math_fma_macro_tb.sv:]
relaunch_sim
Command: launch_simulation -step compile -simset sim_1 -mode behavioral
INFO: [Vivado 12-12493] Simulation top is 'tb_math_fma_macro'
WARNING: [Vivado 12-13340] Unable to auto find GCC executables from simulator install path! (path not set)
INFO: [Vivado 12-5682] Launching behavioral simulation in 'C:/WorkPrograms/git-projects/srsRAN_4G/fpga/projects/lte_phy_math/lte_phy_math.sim/sim_1/behav/xsim'
INFO: [SIM-utils-51] Simulation object is 'sim_1'
INFO: [USF-XSim-2] XSim::Compile design
INFO: [USF-XSim-61] Executing 'COMPILE and ANALYZE' step in 'C:/WorkPrograms/git-projects/srsRAN_4G/fpga/projects/lte_phy_math/lte_phy_math.sim/sim_1/behav/xsim'
ERROR: [Common 17-180] Spawn failed: No error
"xvlog --incr --relax -L uvm -prj tb_math_fma_macro_vlog.prj"
INFO: [VRFC 10-2263] Analyzing SystemVerilog file "C:/WorkPrograms/git-projects/srsRAN_4G/fpga/projects/lte_phy_math/math/math_fma_macro.sv" into library xil_defaultlib
INFO: [VRFC 10-311] analyzing module math_fma_macro
INFO: [VRFC 10-2263] Analyzing SystemVerilog file "C:/WorkPrograms/git-projects/srsRAN_4G/fpga/projects/lte_phy_math/testbench/math_fma_macro_tb.sv" into library xil_defaultlib
INFO: [VRFC 10-311] analyzing module tb_math_fma_macro
run_program: Time (s): cpu = 00:00:00 ; elapsed = 00:00:06 . Memory (MB): peak = 2724.473 ; gain = 0.000
INFO: [USF-XSim-69] 'compile' step finished in '5' seconds
ERROR: [USF-XSim-62] 'compile' step failed with error(s) while executing 'C:/WorkPrograms/git-projects/srsRAN_4G/fpga/projects/lte_phy_math/lte_phy_math.sim/sim_1/behav/xsim/compile.bat' script. Please check that the file has the correct 'read/write/execute' permissions and the Tcl console output for any other possible errors or warnings.
ERROR: [Vivado 12-4473] Detected error while running simulation. Please correct the issue and retry this operation.
launch_simulation: Time (s): cpu = 00:00:00 ; elapsed = 00:00:06 . Memory (MB): peak = 2724.473 ; gain = 0.000
ERROR: [Common 17-39] 'launch_simulation' failed due to earlier errors.
ERROR: [Common 17-69] Command failed: ERROR: [Common 17-39] 'launch_simulation' failed due to earlier errors.

WARNING: [filemgmt 56-199] Attempt to get parsing info during refresh. "On-the-fly" syntax checking information may be incorrect. [C:\WorkPrograms\git-projects\srsRAN_4G\fpga\projects\lte_phy_math\math\math_fma_macro.sv:]
WARNING: [filemgmt 56-199] Attempt to get parsing info during refresh. "On-the-fly" syntax checking information may be incorrect. [C:\WorkPrograms\git-projects\srsRAN_4G\fpga\projects\lte_phy_math\testbench\math_fma_macro_tb.sv:]
relaunch_sim
Command: launch_simulation -step compile -simset sim_1 -mode behavioral
INFO: [Vivado 12-12493] Simulation top is 'tb_math_fma_macro'
WARNING: [Vivado 12-13340] Unable to auto find GCC executables from simulator install path! (path not set)
INFO: [Vivado 12-5682] Launching behavioral simulation in 'C:/WorkPrograms/git-projects/srsRAN_4G/fpga/projects/lte_phy_math/lte_phy_math.sim/sim_1/behav/xsim'
INFO: [SIM-utils-51] Simulation object is 'sim_1'
INFO: [USF-XSim-2] XSim::Compile design
ERROR: [Common 17-180] Spawn failed: No error
INFO: [USF-XSim-61] Executing 'COMPILE and ANALYZE' step in 'C:/WorkPrograms/git-projects/srsRAN_4G/fpga/projects/lte_phy_math/lte_phy_math.sim/sim_1/behav/xsim'
"xvlog --incr --relax -L uvm -prj tb_math_fma_macro_vlog.prj"
INFO: [VRFC 10-2263] Analyzing SystemVerilog file "C:/WorkPrograms/git-projects/srsRAN_4G/fpga/projects/lte_phy_math/math/math_fma_macro.sv" into library xil_defaultlib
INFO: [VRFC 10-311] analyzing module math_fma_macro
INFO: [VRFC 10-2263] Analyzing SystemVerilog file "C:/WorkPrograms/git-projects/srsRAN_4G/fpga/projects/lte_phy_math/testbench/math_fma_macro_tb.sv" into library xil_defaultlib
INFO: [VRFC 10-311] analyzing module tb_math_fma_macro
run_program: Time (s): cpu = 00:00:00 ; elapsed = 00:00:06 . Memory (MB): peak = 2724.473 ; gain = 0.000
INFO: [USF-XSim-69] 'compile' step finished in '6' seconds
launch_simulation: Time (s): cpu = 00:00:00 ; elapsed = 00:00:07 . Memory (MB): peak = 2724.473 ; gain = 0.000
ERROR: [Common 17-39] 'launch_simulation' failed due to earlier errors.
ERROR: [Common 17-69] Command failed: ERROR: [Common 17-39] 'launch_simulation' failed due to earlier errors.

relaunch_sim
Command: launch_simulation -step compile -simset sim_1 -mode behavioral
INFO: [Vivado 12-12493] Simulation top is 'tb_math_fma_macro'
WARNING: [Vivado 12-13340] Unable to auto find GCC executables from simulator install path! (path not set)
INFO: [Vivado 12-5682] Launching behavioral simulation in 'C:/WorkPrograms/git-projects/srsRAN_4G/fpga/projects/lte_phy_math/lte_phy_math.sim/sim_1/behav/xsim'
INFO: [SIM-utils-51] Simulation object is 'sim_1'
INFO: [USF-XSim-2] XSim::Compile design
INFO: [USF-XSim-61] Executing 'COMPILE and ANALYZE' step in 'C:/WorkPrograms/git-projects/srsRAN_4G/fpga/projects/lte_phy_math/lte_phy_math.sim/sim_1/behav/xsim'
"xvlog --incr --relax -L uvm -prj tb_math_fma_macro_vlog.prj"
run_program: Time (s): cpu = 00:00:00 ; elapsed = 00:00:05 . Memory (MB): peak = 2724.473 ; gain = 0.000
INFO: [USF-XSim-69] 'compile' step finished in '5' seconds
launch_simulation: Time (s): cpu = 00:00:00 ; elapsed = 00:00:05 . Memory (MB): peak = 2724.473 ; gain = 0.000
Command: launch_simulation -step elaborate -simset sim_1 -mode behavioral
INFO: [Vivado 12-12493] Simulation top is 'tb_math_fma_macro'
WARNING: [Vivado 12-13340] Unable to auto find GCC executables from simulator install path! (path not set)
INFO: [Vivado 12-5682] Launching behavioral simulation in 'C:/WorkPrograms/git-projects/srsRAN_4G/fpga/projects/lte_phy_math/lte_phy_math.sim/sim_1/behav/xsim'
INFO: [SIM-utils-51] Simulation object is 'sim_1'
INFO: [USF-XSim-3] XSim::Elaborate design
INFO: [USF-XSim-61] Executing 'ELABORATE' step in 'C:/WorkPrograms/git-projects/srsRAN_4G/fpga/projects/lte_phy_math/lte_phy_math.sim/sim_1/behav/xsim'
"xelab --incr --debug typical --relax --mt 2 -L xil_defaultlib -L uvm -L unisims_ver -L unimacro_ver -L secureip --snapshot tb_math_fma_macro_behav xil_defaultlib.tb_math_fma_macro xil_defaultlib.glbl -log elaborate.log"
Vivado Simulator v2023.2
Copyright 1986-2022 Xilinx, Inc. All Rights Reserved.
Copyright 2022-2023 Advanced Micro Devices, Inc. All Rights Reserved.
Running: C:/WorkPrograms/Engineering/Xilinx/Vivado/2023.2/bin/unwrapped/win64.o/xelab.exe --incr --debug typical --relax --mt 2 -L xil_defaultlib -L uvm -L unisims_ver -L unimacro_ver -L secureip --snapshot tb_math_fma_macro_behav xil_defaultlib.tb_math_fma_macro xil_defaultlib.glbl -log elaborate.log 
Using 2 slave threads.
Starting static elaboration
Pass Through NonSizing Optimizer
Completed static elaboration
Starting simulation data flow analysis
WARNING: [XSIM 43-4099] "C:/WorkPrograms/git-projects/srsRAN_4G/fpga/projects/lte_phy_math/math/math_fma_macro.sv" Line 23. Module math_fma_macro_default doesn't have a timescale but at least one module in design has a timescale.
WARNING: [XSIM 43-4099] "C:/WorkPrograms/git-projects/srsRAN_4G/fpga/projects/lte_phy_math/math/math_fma_macro.sv" Line 23. Module math_fma_macro_default doesn't have a timescale but at least one module in design has a timescale.
Completed simulation data flow analysis
Time Resolution for simulation is 1ps
Compiling module xil_defaultlib.math_fma_macro_default
Compiling module xil_defaultlib.tb_math_fma_macro
Compiling module xil_defaultlib.glbl
Built simulation snapshot tb_math_fma_macro_behav
run_program: Time (s): cpu = 00:00:00 ; elapsed = 00:00:07 . Memory (MB): peak = 2724.473 ; gain = 0.000
INFO: [USF-XSim-69] 'elaborate' step finished in '8' seconds
launch_simulation: Time (s): cpu = 00:00:00 ; elapsed = 00:00:08 . Memory (MB): peak = 2724.473 ; gain = 0.000
Time resolution is 1 ps
$finish called at time : 55 ns : File "C:/WorkPrograms/git-projects/srsRAN_4G/fpga/projects/lte_phy_math/testbench/math_fma_macro_tb.sv" Line 82
relaunch_sim: Time (s): cpu = 00:00:01 ; elapsed = 00:00:15 . Memory (MB): peak = 2724.473 ; gain = 0.000
relaunch_sim
Command: launch_simulation -step compile -simset sim_1 -mode behavioral
INFO: [Vivado 12-12493] Simulation top is 'tb_math_fma_macro'
WARNING: [Vivado 12-13340] Unable to auto find GCC executables from simulator install path! (path not set)
INFO: [Vivado 12-5682] Launching behavioral simulation in 'C:/WorkPrograms/git-projects/srsRAN_4G/fpga/projects/lte_phy_math/lte_phy_math.sim/sim_1/behav/xsim'
INFO: [SIM-utils-51] Simulation object is 'sim_1'
INFO: [USF-XSim-2] XSim::Compile design
INFO: [USF-XSim-61] Executing 'COMPILE and ANALYZE' step in 'C:/WorkPrograms/git-projects/srsRAN_4G/fpga/projects/lte_phy_math/lte_phy_math.sim/sim_1/behav/xsim'
"xvlog --incr --relax -L uvm -prj tb_math_fma_macro_vlog.prj"
INFO: [USF-XSim-69] 'compile' step finished in '4' seconds
Command: launch_simulation -step elaborate -simset sim_1 -mode behavioral
INFO: [Vivado 12-12493] Simulation top is 'tb_math_fma_macro'
WARNING: [Vivado 12-13340] Unable to auto find GCC executables from simulator install path! (path not set)
INFO: [Vivado 12-5682] Launching behavioral simulation in 'C:/WorkPrograms/git-projects/srsRAN_4G/fpga/projects/lte_phy_math/lte_phy_math.sim/sim_1/behav/xsim'
INFO: [SIM-utils-51] Simulation object is 'sim_1'
INFO: [USF-XSim-3] XSim::Elaborate design
INFO: [USF-XSim-61] Executing 'ELABORATE' step in 'C:/WorkPrograms/git-projects/srsRAN_4G/fpga/projects/lte_phy_math/lte_phy_math.sim/sim_1/behav/xsim'
"xelab --incr --debug typical --relax --mt 2 -L xil_defaultlib -L uvm -L unisims_ver -L unimacro_ver -L secureip --snapshot tb_math_fma_macro_behav xil_defaultlib.tb_math_fma_macro xil_defaultlib.glbl -log elaborate.log"
Vivado Simulator v2023.2
Copyright 1986-2022 Xilinx, Inc. All Rights Reserved.
Copyright 2022-2023 Advanced Micro Devices, Inc. All Rights Reserved.
Running: C:/WorkPrograms/Engineering/Xilinx/Vivado/2023.2/bin/unwrapped/win64.o/xelab.exe --incr --debug typical --relax --mt 2 -L xil_defaultlib -L uvm -L unisims_ver -L unimacro_ver -L secureip --snapshot tb_math_fma_macro_behav xil_defaultlib.tb_math_fma_macro xil_defaultlib.glbl -log elaborate.log 
Using 2 slave threads.
Starting static elaboration
Pass Through NonSizing Optimizer
Completed static elaboration
INFO: [XSIM 43-4323] No Change in HDL. Linking previously generated obj files to create kernel
INFO: [USF-XSim-69] 'elaborate' step finished in '4' seconds
Time resolution is 1 ps
$finish called at time : 55 ns : File "C:/WorkPrograms/git-projects/srsRAN_4G/fpga/projects/lte_phy_math/testbench/math_fma_macro_tb.sv" Line 82
relaunch_sim: Time (s): cpu = 00:00:00 ; elapsed = 00:00:12 . Memory (MB): peak = 2724.473 ; gain = 0.000
WARNING: [filemgmt 56-199] Attempt to get parsing info during refresh. "On-the-fly" syntax checking information may be incorrect. [C:\WorkPrograms\git-projects\srsRAN_4G\fpga\projects\lte_phy_math\math\math_fma_macro.sv:]
WARNING: [filemgmt 56-199] Attempt to get parsing info during refresh. "On-the-fly" syntax checking information may be incorrect. [C:\WorkPrograms\git-projects\srsRAN_4G\fpga\projects\lte_phy_math\testbench\math_fma_macro_tb.sv:]
ERROR: [Common 17-180] Spawn failed: No error
WARNING: [filemgmt 56-199] Attempt to get parsing info during refresh. "On-the-fly" syntax checking information may be incorrect. [C:\WorkPrograms\git-projects\srsRAN_4G\fpga\projects\lte_phy_math\math\math_fma_macro.sv:]
WARNING: [filemgmt 56-199] Attempt to get parsing info during refresh. "On-the-fly" syntax checking information may be incorrect. [C:\WorkPrograms\git-projects\srsRAN_4G\fpga\projects\lte_phy_math\testbench\math_fma_macro_tb.sv:]
ERROR: [Common 17-180] Spawn failed: No error
WARNING: [filemgmt 56-199] Attempt to get parsing info during refresh. "On-the-fly" syntax checking information may be incorrect. [C:\WorkPrograms\git-projects\srsRAN_4G\fpga\projects\lte_phy_math\math\math_fma_macro.sv:]
WARNING: [filemgmt 56-199] Attempt to get parsing info during refresh. "On-the-fly" syntax checking information may be incorrect. [C:\WorkPrograms\git-projects\srsRAN_4G\fpga\projects\lte_phy_math\testbench\math_fma_macro_tb.sv:]
ERROR: [Common 17-180] Spawn failed: No error
WARNING: [filemgmt 56-199] Attempt to get parsing info during refresh. "On-the-fly" syntax checking information may be incorrect. [C:\WorkPrograms\git-projects\srsRAN_4G\fpga\projects\lte_phy_math\math\math_fma_macro.sv:]
WARNING: [filemgmt 56-199] Attempt to get parsing info during refresh. "On-the-fly" syntax checking information may be incorrect. [C:\WorkPrograms\git-projects\srsRAN_4G\fpga\projects\lte_phy_math\testbench\math_fma_macro_tb.sv:]
ERROR: [Common 17-180] Spawn failed: No error
WARNING: [filemgmt 56-199] Attempt to get parsing info during refresh. "On-the-fly" syntax checking information may be incorrect. [C:\WorkPrograms\git-projects\srsRAN_4G\fpga\projects\lte_phy_math\math\math_fma_macro.sv:]
WARNING: [filemgmt 56-199] Attempt to get parsing info during refresh. "On-the-fly" syntax checking information may be incorrect. [C:\WorkPrograms\git-projects\srsRAN_4G\fpga\projects\lte_phy_math\testbench\math_fma_macro_tb.sv:]
ERROR: [Common 17-180] Spawn failed: No error
relaunch_sim
Command: launch_simulation -step compile -simset sim_1 -mode behavioral
INFO: [Vivado 12-12493] Simulation top is 'tb_math_fma_macro'
WARNING: [Vivado 12-13340] Unable to auto find GCC executables from simulator install path! (path not set)
INFO: [Vivado 12-5682] Launching behavioral simulation in 'C:/WorkPrograms/git-projects/srsRAN_4G/fpga/projects/lte_phy_math/lte_phy_math.sim/sim_1/behav/xsim'
INFO: [SIM-utils-51] Simulation object is 'sim_1'
INFO: [USF-XSim-2] XSim::Compile design
INFO: [USF-XSim-61] Executing 'COMPILE and ANALYZE' step in 'C:/WorkPrograms/git-projects/srsRAN_4G/fpga/projects/lte_phy_math/lte_phy_math.sim/sim_1/behav/xsim'
"xvlog --incr --relax -L uvm -prj tb_math_fma_macro_vlog.prj"
INFO: [VRFC 10-2263] Analyzing SystemVerilog file "C:/WorkPrograms/git-projects/srsRAN_4G/fpga/projects/lte_phy_math/math/math_fma_macro.sv" into library xil_defaultlib
INFO: [VRFC 10-311] analyzing module math_fma_macro
INFO: [VRFC 10-2263] Analyzing SystemVerilog file "C:/WorkPrograms/git-projects/srsRAN_4G/fpga/projects/lte_phy_math/testbench/math_fma_macro_tb.sv" into library xil_defaultlib
INFO: [VRFC 10-311] analyzing module tb_math_fma_macro
run_program: Time (s): cpu = 00:00:00 ; elapsed = 00:00:06 . Memory (MB): peak = 2724.473 ; gain = 0.000
INFO: [USF-XSim-69] 'compile' step finished in '6' seconds
launch_simulation: Time (s): cpu = 00:00:00 ; elapsed = 00:00:06 . Memory (MB): peak = 2724.473 ; gain = 0.000
Command: launch_simulation -step elaborate -simset sim_1 -mode behavioral
INFO: [Vivado 12-12493] Simulation top is 'tb_math_fma_macro'
WARNING: [Vivado 12-13340] Unable to auto find GCC executables from simulator install path! (path not set)
INFO: [Vivado 12-5682] Launching behavioral simulation in 'C:/WorkPrograms/git-projects/srsRAN_4G/fpga/projects/lte_phy_math/lte_phy_math.sim/sim_1/behav/xsim'
INFO: [SIM-utils-51] Simulation object is 'sim_1'
INFO: [USF-XSim-3] XSim::Elaborate design
INFO: [USF-XSim-61] Executing 'ELABORATE' step in 'C:/WorkPrograms/git-projects/srsRAN_4G/fpga/projects/lte_phy_math/lte_phy_math.sim/sim_1/behav/xsim'
"xelab --incr --debug typical --relax --mt 2 -L xil_defaultlib -L uvm -L unisims_ver -L unimacro_ver -L secureip --snapshot tb_math_fma_macro_behav xil_defaultlib.tb_math_fma_macro xil_defaultlib.glbl -log elaborate.log"
Vivado Simulator v2023.2
Copyright 1986-2022 Xilinx, Inc. All Rights Reserved.
Copyright 2022-2023 Advanced Micro Devices, Inc. All Rights Reserved.
Running: C:/WorkPrograms/Engineering/Xilinx/Vivado/2023.2/bin/unwrapped/win64.o/xelab.exe --incr --debug typical --relax --mt 2 -L xil_defaultlib -L uvm -L unisims_ver -L unimacro_ver -L secureip --snapshot tb_math_fma_macro_behav xil_defaultlib.tb_math_fma_macro xil_defaultlib.glbl -log elaborate.log 
Using 2 slave threads.
Starting static elaboration
Pass Through NonSizing Optimizer
Completed static elaboration
Starting simulation data flow analysis
WARNING: [XSIM 43-4099] "C:/WorkPrograms/git-projects/srsRAN_4G/fpga/projects/lte_phy_math/math/math_fma_macro.sv" Line 23. Module math_fma_macro_default doesn't have a timescale but at least one module in design has a timescale.
WARNING: [XSIM 43-4099] "C:/WorkPrograms/git-projects/srsRAN_4G/fpga/projects/lte_phy_math/math/math_fma_macro.sv" Line 23. Module math_fma_macro_default doesn't have a timescale but at least one module in design has a timescale.
Completed simulation data flow analysis
Time Resolution for simulation is 1ps
Compiling module xil_defaultlib.math_fma_macro_default
Compiling module xil_defaultlib.tb_math_fma_macro
Compiling module xil_defaultlib.glbl
Built simulation snapshot tb_math_fma_macro_behav
run_program: Time (s): cpu = 00:00:00 ; elapsed = 00:00:10 . Memory (MB): peak = 2724.473 ; gain = 0.000
INFO: [USF-XSim-69] 'elaborate' step finished in '11' seconds
launch_simulation: Time (s): cpu = 00:00:00 ; elapsed = 00:00:11 . Memory (MB): peak = 2724.473 ; gain = 0.000
Time resolution is 1 ps
$finish called at time : 55 ns : File "C:/WorkPrograms/git-projects/srsRAN_4G/fpga/projects/lte_phy_math/testbench/math_fma_macro_tb.sv" Line 95
relaunch_sim: Time (s): cpu = 00:00:02 ; elapsed = 00:00:20 . Memory (MB): peak = 2724.473 ; gain = 0.000
relaunch_sim
Command: launch_simulation -step compile -simset sim_1 -mode behavioral
INFO: [Vivado 12-12493] Simulation top is 'tb_math_fma_macro'
WARNING: [Vivado 12-13340] Unable to auto find GCC executables from simulator install path! (path not set)
INFO: [Vivado 12-5682] Launching behavioral simulation in 'C:/WorkPrograms/git-projects/srsRAN_4G/fpga/projects/lte_phy_math/lte_phy_math.sim/sim_1/behav/xsim'
INFO: [SIM-utils-51] Simulation object is 'sim_1'
INFO: [USF-XSim-2] XSim::Compile design
INFO: [USF-XSim-61] Executing 'COMPILE and ANALYZE' step in 'C:/WorkPrograms/git-projects/srsRAN_4G/fpga/projects/lte_phy_math/lte_phy_math.sim/sim_1/behav/xsim'
"xvlog --incr --relax -L uvm -prj tb_math_fma_macro_vlog.prj"
INFO: [VRFC 10-2263] Analyzing SystemVerilog file "C:/WorkPrograms/git-projects/srsRAN_4G/fpga/projects/lte_phy_math/math/math_fma_macro.sv" into library xil_defaultlib
INFO: [VRFC 10-311] analyzing module math_fma_macro
INFO: [VRFC 10-2263] Analyzing SystemVerilog file "C:/WorkPrograms/git-projects/srsRAN_4G/fpga/projects/lte_phy_math/testbench/math_fma_macro_tb.sv" into library xil_defaultlib
INFO: [VRFC 10-311] analyzing module tb_math_fma_macro
run_program: Time (s): cpu = 00:00:00 ; elapsed = 00:00:07 . Memory (MB): peak = 2724.473 ; gain = 0.000
INFO: [USF-XSim-69] 'compile' step finished in '7' seconds
launch_simulation: Time (s): cpu = 00:00:00 ; elapsed = 00:00:07 . Memory (MB): peak = 2724.473 ; gain = 0.000
Command: launch_simulation -step elaborate -simset sim_1 -mode behavioral
INFO: [Vivado 12-12493] Simulation top is 'tb_math_fma_macro'
WARNING: [Vivado 12-13340] Unable to auto find GCC executables from simulator install path! (path not set)
INFO: [Vivado 12-5682] Launching behavioral simulation in 'C:/WorkPrograms/git-projects/srsRAN_4G/fpga/projects/lte_phy_math/lte_phy_math.sim/sim_1/behav/xsim'
INFO: [SIM-utils-51] Simulation object is 'sim_1'
INFO: [USF-XSim-3] XSim::Elaborate design
INFO: [USF-XSim-61] Executing 'ELABORATE' step in 'C:/WorkPrograms/git-projects/srsRAN_4G/fpga/projects/lte_phy_math/lte_phy_math.sim/sim_1/behav/xsim'
"xelab --incr --debug typical --relax --mt 2 -L xil_defaultlib -L uvm -L unisims_ver -L unimacro_ver -L secureip --snapshot tb_math_fma_macro_behav xil_defaultlib.tb_math_fma_macro xil_defaultlib.glbl -log elaborate.log"
Vivado Simulator v2023.2
Copyright 1986-2022 Xilinx, Inc. All Rights Reserved.
Copyright 2022-2023 Advanced Micro Devices, Inc. All Rights Reserved.
Running: C:/WorkPrograms/Engineering/Xilinx/Vivado/2023.2/bin/unwrapped/win64.o/xelab.exe --incr --debug typical --relax --mt 2 -L xil_defaultlib -L uvm -L unisims_ver -L unimacro_ver -L secureip --snapshot tb_math_fma_macro_behav xil_defaultlib.tb_math_fma_macro xil_defaultlib.glbl -log elaborate.log 
Using 2 slave threads.
Starting static elaboration
Pass Through NonSizing Optimizer
Completed static elaboration
Starting simulation data flow analysis
WARNING: [XSIM 43-4099] "C:/WorkPrograms/git-projects/srsRAN_4G/fpga/projects/lte_phy_math/math/math_fma_macro.sv" Line 23. Module math_fma_macro(PIPE=2) doesn't have a timescale but at least one module in design has a timescale.
WARNING: [XSIM 43-4099] "C:/WorkPrograms/git-projects/srsRAN_4G/fpga/projects/lte_phy_math/math/math_fma_macro.sv" Line 23. Module math_fma_macro(PIPE=2) doesn't have a timescale but at least one module in design has a timescale.
Completed simulation data flow analysis
Time Resolution for simulation is 1ps
Compiling module xil_defaultlib.math_fma_macro(PIPE=2)
Compiling module xil_defaultlib.tb_math_fma_macro
Compiling module xil_defaultlib.glbl
Built simulation snapshot tb_math_fma_macro_behav
run_program: Time (s): cpu = 00:00:01 ; elapsed = 00:00:09 . Memory (MB): peak = 2724.473 ; gain = 0.000
INFO: [USF-XSim-69] 'elaborate' step finished in '9' seconds
launch_simulation: Time (s): cpu = 00:00:01 ; elapsed = 00:00:09 . Memory (MB): peak = 2724.473 ; gain = 0.000
Time resolution is 1 ps
$finish called at time : 55 ns : File "C:/WorkPrograms/git-projects/srsRAN_4G/fpga/projects/lte_phy_math/testbench/math_fma_macro_tb.sv" Line 96
relaunch_sim: Time (s): cpu = 00:00:01 ; elapsed = 00:00:19 . Memory (MB): peak = 2724.473 ; gain = 0.000
WARNING: [filemgmt 56-199] Attempt to get parsing info during refresh. "On-the-fly" syntax checking information may be incorrect. [C:\WorkPrograms\git-projects\srsRAN_4G\fpga\projects\lte_phy_math\math\math_fma_macro.sv:]
WARNING: [filemgmt 56-199] Attempt to get parsing info during refresh. "On-the-fly" syntax checking information may be incorrect. [C:\WorkPrograms\git-projects\srsRAN_4G\fpga\projects\lte_phy_math\testbench\math_fma_macro_tb.sv:]
ERROR: [Common 17-180] Spawn failed: No error
WARNING: [filemgmt 56-199] Attempt to get parsing info during refresh. "On-the-fly" syntax checking information may be incorrect. [C:\WorkPrograms\git-projects\srsRAN_4G\fpga\projects\lte_phy_math\math\math_fma_macro.sv:]
WARNING: [filemgmt 56-199] Attempt to get parsing info during refresh. "On-the-fly" syntax checking information may be incorrect. [C:\WorkPrograms\git-projects\srsRAN_4G\fpga\projects\lte_phy_math\testbench\math_fma_macro_tb.sv:]
ERROR: [Common 17-180] Spawn failed: No error
relaunch_sim
Command: launch_simulation -step compile -simset sim_1 -mode behavioral
INFO: [Vivado 12-12493] Simulation top is 'tb_math_fma_macro'
WARNING: [Vivado 12-13340] Unable to auto find GCC executables from simulator install path! (path not set)
INFO: [Vivado 12-5682] Launching behavioral simulation in 'C:/WorkPrograms/git-projects/srsRAN_4G/fpga/projects/lte_phy_math/lte_phy_math.sim/sim_1/behav/xsim'
INFO: [SIM-utils-51] Simulation object is 'sim_1'
INFO: [USF-XSim-2] XSim::Compile design
INFO: [USF-XSim-61] Executing 'COMPILE and ANALYZE' step in 'C:/WorkPrograms/git-projects/srsRAN_4G/fpga/projects/lte_phy_math/lte_phy_math.sim/sim_1/behav/xsim'
"xvlog --incr --relax -L uvm -prj tb_math_fma_macro_vlog.prj"
INFO: [VRFC 10-2263] Analyzing SystemVerilog file "C:/WorkPrograms/git-projects/srsRAN_4G/fpga/projects/lte_phy_math/math/math_fma_macro.sv" into library xil_defaultlib
INFO: [VRFC 10-311] analyzing module math_fma_macro
INFO: [VRFC 10-2263] Analyzing SystemVerilog file "C:/WorkPrograms/git-projects/srsRAN_4G/fpga/projects/lte_phy_math/testbench/math_fma_macro_tb.sv" into library xil_defaultlib
INFO: [VRFC 10-311] analyzing module tb_math_fma_macro
run_program: Time (s): cpu = 00:00:00 ; elapsed = 00:00:05 . Memory (MB): peak = 2732.312 ; gain = 0.000
INFO: [USF-XSim-69] 'compile' step finished in '6' seconds
launch_simulation: Time (s): cpu = 00:00:00 ; elapsed = 00:00:06 . Memory (MB): peak = 2732.312 ; gain = 0.000
Command: launch_simulation -step elaborate -simset sim_1 -mode behavioral
INFO: [Vivado 12-12493] Simulation top is 'tb_math_fma_macro'
WARNING: [Vivado 12-13340] Unable to auto find GCC executables from simulator install path! (path not set)
INFO: [Vivado 12-5682] Launching behavioral simulation in 'C:/WorkPrograms/git-projects/srsRAN_4G/fpga/projects/lte_phy_math/lte_phy_math.sim/sim_1/behav/xsim'
INFO: [SIM-utils-51] Simulation object is 'sim_1'
INFO: [USF-XSim-3] XSim::Elaborate design
INFO: [USF-XSim-61] Executing 'ELABORATE' step in 'C:/WorkPrograms/git-projects/srsRAN_4G/fpga/projects/lte_phy_math/lte_phy_math.sim/sim_1/behav/xsim'
"xelab --incr --debug typical --relax --mt 2 -L xil_defaultlib -L uvm -L unisims_ver -L unimacro_ver -L secureip --snapshot tb_math_fma_macro_behav xil_defaultlib.tb_math_fma_macro xil_defaultlib.glbl -log elaborate.log"
Vivado Simulator v2023.2
Copyright 1986-2022 Xilinx, Inc. All Rights Reserved.
Copyright 2022-2023 Advanced Micro Devices, Inc. All Rights Reserved.
Running: C:/WorkPrograms/Engineering/Xilinx/Vivado/2023.2/bin/unwrapped/win64.o/xelab.exe --incr --debug typical --relax --mt 2 -L xil_defaultlib -L uvm -L unisims_ver -L unimacro_ver -L secureip --snapshot tb_math_fma_macro_behav xil_defaultlib.tb_math_fma_macro xil_defaultlib.glbl -log elaborate.log 
Using 2 slave threads.
Starting static elaboration
Pass Through NonSizing Optimizer
Completed static elaboration
Starting simulation data flow analysis
WARNING: [XSIM 43-4099] "C:/WorkPrograms/git-projects/srsRAN_4G/fpga/projects/lte_phy_math/math/math_fma_macro.sv" Line 23. Module math_fma_macro(PIPE=2) doesn't have a timescale but at least one module in design has a timescale.
WARNING: [XSIM 43-4099] "C:/WorkPrograms/git-projects/srsRAN_4G/fpga/projects/lte_phy_math/math/math_fma_macro.sv" Line 23. Module math_fma_macro(PIPE=2) doesn't have a timescale but at least one module in design has a timescale.
Completed simulation data flow analysis
Time Resolution for simulation is 1ps
Compiling module xil_defaultlib.math_fma_macro(PIPE=2)
Compiling module xil_defaultlib.tb_math_fma_macro
Compiling module xil_defaultlib.glbl
Built simulation snapshot tb_math_fma_macro_behav
run_program: Time (s): cpu = 00:00:00 ; elapsed = 00:00:10 . Memory (MB): peak = 2732.312 ; gain = 0.000
INFO: [USF-XSim-69] 'elaborate' step finished in '10' seconds
launch_simulation: Time (s): cpu = 00:00:00 ; elapsed = 00:00:11 . Memory (MB): peak = 2732.312 ; gain = 0.000
Time resolution is 1 ps
$finish called at time : 65 ns : File "C:/WorkPrograms/git-projects/srsRAN_4G/fpga/projects/lte_phy_math/testbench/math_fma_macro_tb.sv" Line 97
relaunch_sim: Time (s): cpu = 00:00:01 ; elapsed = 00:00:19 . Memory (MB): peak = 2732.312 ; gain = 0.000
WARNING: [filemgmt 56-199] Attempt to get parsing info during refresh. "On-the-fly" syntax checking information may be incorrect. [C:\WorkPrograms\git-projects\srsRAN_4G\fpga\projects\lte_phy_math\math\math_fma_macro.sv:]
WARNING: [filemgmt 56-199] Attempt to get parsing info during refresh. "On-the-fly" syntax checking information may be incorrect. [C:\WorkPrograms\git-projects\srsRAN_4G\fpga\projects\lte_phy_math\testbench\math_fma_macro_tb.sv:]
ERROR: [Common 17-180] Spawn failed: No error
WARNING: [filemgmt 56-199] Attempt to get parsing info during refresh. "On-the-fly" syntax checking information may be incorrect. [C:\WorkPrograms\git-projects\srsRAN_4G\fpga\projects\lte_phy_math\math\math_fma_macro.sv:]
WARNING: [filemgmt 56-199] Attempt to get parsing info during refresh. "On-the-fly" syntax checking information may be incorrect. [C:\WorkPrograms\git-projects\srsRAN_4G\fpga\projects\lte_phy_math\testbench\math_fma_macro_tb.sv:]
ERROR: [Common 17-180] Spawn failed: No error
WARNING: [filemgmt 56-199] Attempt to get parsing info during refresh. "On-the-fly" syntax checking information may be incorrect. [C:\WorkPrograms\git-projects\srsRAN_4G\fpga\projects\lte_phy_math\math\math_fma_macro.sv:]
WARNING: [filemgmt 56-199] Attempt to get parsing info during refresh. "On-the-fly" syntax checking information may be incorrect. [C:\WorkPrograms\git-projects\srsRAN_4G\fpga\projects\lte_phy_math\testbench\math_fma_macro_tb.sv:]
ERROR: [Common 17-180] Spawn failed: No error
WARNING: [filemgmt 56-199] Attempt to get parsing info during refresh. "On-the-fly" syntax checking information may be incorrect. [C:\WorkPrograms\git-projects\srsRAN_4G\fpga\projects\lte_phy_math\math\math_fma_macro.sv:]
WARNING: [filemgmt 56-199] Attempt to get parsing info during refresh. "On-the-fly" syntax checking information may be incorrect. [C:\WorkPrograms\git-projects\srsRAN_4G\fpga\projects\lte_phy_math\testbench\math_fma_macro_tb.sv:]
ERROR: [Common 17-180] Spawn failed: No error
WARNING: [filemgmt 56-199] Attempt to get parsing info during refresh. "On-the-fly" syntax checking information may be incorrect. [C:\WorkPrograms\git-projects\srsRAN_4G\fpga\projects\lte_phy_math\math\math_fma_macro.sv:]
WARNING: [filemgmt 56-199] Attempt to get parsing info during refresh. "On-the-fly" syntax checking information may be incorrect. [C:\WorkPrograms\git-projects\srsRAN_4G\fpga\projects\lte_phy_math\testbench\math_fma_macro_tb.sv:]
ERROR: [Common 17-180] Spawn failed: No error
WARNING: [filemgmt 56-199] Attempt to get parsing info during refresh. "On-the-fly" syntax checking information may be incorrect. [C:\WorkPrograms\git-projects\srsRAN_4G\fpga\projects\lte_phy_math\math\math_fma_macro.sv:]
WARNING: [filemgmt 56-199] Attempt to get parsing info during refresh. "On-the-fly" syntax checking information may be incorrect. [C:\WorkPrograms\git-projects\srsRAN_4G\fpga\projects\lte_phy_math\testbench\math_fma_macro_tb.sv:]
relaunch_sim
Command: launch_simulation -step compile -simset sim_1 -mode behavioral
INFO: [Vivado 12-12493] Simulation top is 'tb_math_fma_macro'
WARNING: [Vivado 12-13340] Unable to auto find GCC executables from simulator install path! (path not set)
INFO: [Vivado 12-5682] Launching behavioral simulation in 'C:/WorkPrograms/git-projects/srsRAN_4G/fpga/projects/lte_phy_math/lte_phy_math.sim/sim_1/behav/xsim'
INFO: [SIM-utils-51] Simulation object is 'sim_1'
INFO: [USF-XSim-2] XSim::Compile design
INFO: [USF-XSim-61] Executing 'COMPILE and ANALYZE' step in 'C:/WorkPrograms/git-projects/srsRAN_4G/fpga/projects/lte_phy_math/lte_phy_math.sim/sim_1/behav/xsim'
ERROR: [Common 17-180] Spawn failed: No error
"xvlog --incr --relax -L uvm -prj tb_math_fma_macro_vlog.prj"
INFO: [VRFC 10-2263] Analyzing SystemVerilog file "C:/WorkPrograms/git-projects/srsRAN_4G/fpga/projects/lte_phy_math/math/math_fma_macro.sv" into library xil_defaultlib
INFO: [VRFC 10-311] analyzing module math_fma_macro
INFO: [VRFC 10-2263] Analyzing SystemVerilog file "C:/WorkPrograms/git-projects/srsRAN_4G/fpga/projects/lte_phy_math/testbench/math_fma_macro_tb.sv" into library xil_defaultlib
INFO: [VRFC 10-311] analyzing module tb_math_fma_macro
run_program: Time (s): cpu = 00:00:00 ; elapsed = 00:00:07 . Memory (MB): peak = 2732.312 ; gain = 0.000
INFO: [USF-XSim-69] 'compile' step finished in '7' seconds
ERROR: [USF-XSim-62] 'compile' step failed with error(s) while executing 'C:/WorkPrograms/git-projects/srsRAN_4G/fpga/projects/lte_phy_math/lte_phy_math.sim/sim_1/behav/xsim/compile.bat' script. Please check that the file has the correct 'read/write/execute' permissions and the Tcl console output for any other possible errors or warnings.
ERROR: [Vivado 12-4473] Detected error while running simulation. Please correct the issue and retry this operation.
launch_simulation: Time (s): cpu = 00:00:00 ; elapsed = 00:00:08 . Memory (MB): peak = 2732.312 ; gain = 0.000
ERROR: [Common 17-39] 'launch_simulation' failed due to earlier errors.
ERROR: [Common 17-69] Command failed: ERROR: [Common 17-39] 'launch_simulation' failed due to earlier errors.

relaunch_sim
Command: launch_simulation -step compile -simset sim_1 -mode behavioral
INFO: [Vivado 12-12493] Simulation top is 'tb_math_fma_macro'
WARNING: [Vivado 12-13340] Unable to auto find GCC executables from simulator install path! (path not set)
INFO: [Vivado 12-5682] Launching behavioral simulation in 'C:/WorkPrograms/git-projects/srsRAN_4G/fpga/projects/lte_phy_math/lte_phy_math.sim/sim_1/behav/xsim'
INFO: [SIM-utils-51] Simulation object is 'sim_1'
INFO: [USF-XSim-2] XSim::Compile design
INFO: [USF-XSim-61] Executing 'COMPILE and ANALYZE' step in 'C:/WorkPrograms/git-projects/srsRAN_4G/fpga/projects/lte_phy_math/lte_phy_math.sim/sim_1/behav/xsim'
"xvlog --incr --relax -L uvm -prj tb_math_fma_macro_vlog.prj"
INFO: [USF-XSim-69] 'compile' step finished in '4' seconds
Command: launch_simulation -step elaborate -simset sim_1 -mode behavioral
INFO: [Vivado 12-12493] Simulation top is 'tb_math_fma_macro'
WARNING: [Vivado 12-13340] Unable to auto find GCC executables from simulator install path! (path not set)
INFO: [Vivado 12-5682] Launching behavioral simulation in 'C:/WorkPrograms/git-projects/srsRAN_4G/fpga/projects/lte_phy_math/lte_phy_math.sim/sim_1/behav/xsim'
INFO: [SIM-utils-51] Simulation object is 'sim_1'
INFO: [USF-XSim-3] XSim::Elaborate design
INFO: [USF-XSim-61] Executing 'ELABORATE' step in 'C:/WorkPrograms/git-projects/srsRAN_4G/fpga/projects/lte_phy_math/lte_phy_math.sim/sim_1/behav/xsim'
"xelab --incr --debug typical --relax --mt 2 -L xil_defaultlib -L uvm -L unisims_ver -L unimacro_ver -L secureip --snapshot tb_math_fma_macro_behav xil_defaultlib.tb_math_fma_macro xil_defaultlib.glbl -log elaborate.log"
Vivado Simulator v2023.2
Copyright 1986-2022 Xilinx, Inc. All Rights Reserved.
Copyright 2022-2023 Advanced Micro Devices, Inc. All Rights Reserved.
Running: C:/WorkPrograms/Engineering/Xilinx/Vivado/2023.2/bin/unwrapped/win64.o/xelab.exe --incr --debug typical --relax --mt 2 -L xil_defaultlib -L uvm -L unisims_ver -L unimacro_ver -L secureip --snapshot tb_math_fma_macro_behav xil_defaultlib.tb_math_fma_macro xil_defaultlib.glbl -log elaborate.log 
Using 2 slave threads.
Starting static elaboration
Pass Through NonSizing Optimizer
Completed static elaboration
Starting simulation data flow analysis
WARNING: [XSIM 43-4099] "C:/WorkPrograms/git-projects/srsRAN_4G/fpga/projects/lte_phy_math/math/math_fma_macro.sv" Line 23. Module math_fma_macro(PIPE=2) doesn't have a timescale but at least one module in design has a timescale.
WARNING: [XSIM 43-4099] "C:/WorkPrograms/git-projects/srsRAN_4G/fpga/projects/lte_phy_math/math/math_fma_macro.sv" Line 23. Module math_fma_macro(PIPE=2) doesn't have a timescale but at least one module in design has a timescale.
Completed simulation data flow analysis
Time Resolution for simulation is 1ps
Compiling module xil_defaultlib.math_fma_macro(PIPE=2)
Compiling module xil_defaultlib.tb_math_fma_macro
Compiling module xil_defaultlib.glbl
Built simulation snapshot tb_math_fma_macro_behav
run_program: Time (s): cpu = 00:00:00 ; elapsed = 00:00:06 . Memory (MB): peak = 2732.312 ; gain = 0.000
INFO: [USF-XSim-69] 'elaborate' step finished in '6' seconds
launch_simulation: Time (s): cpu = 00:00:00 ; elapsed = 00:00:06 . Memory (MB): peak = 2732.312 ; gain = 0.000
Time resolution is 1 ps
$finish called at time : 75 ns : File "C:/WorkPrograms/git-projects/srsRAN_4G/fpga/projects/lte_phy_math/testbench/math_fma_macro_tb.sv" Line 100
relaunch_sim: Time (s): cpu = 00:00:01 ; elapsed = 00:00:12 . Memory (MB): peak = 2732.312 ; gain = 0.000
WARNING: [filemgmt 56-199] Attempt to get parsing info during refresh. "On-the-fly" syntax checking information may be incorrect. [C:\WorkPrograms\git-projects\srsRAN_4G\fpga\projects\lte_phy_math\math\math_fma_macro.sv:]
WARNING: [filemgmt 56-199] Attempt to get parsing info during refresh. "On-the-fly" syntax checking information may be incorrect. [C:\WorkPrograms\git-projects\srsRAN_4G\fpga\projects\lte_phy_math\testbench\math_fma_macro_tb.sv:]
ERROR: [Common 17-180] Spawn failed: No error
WARNING: [filemgmt 56-199] Attempt to get parsing info during refresh. "On-the-fly" syntax checking information may be incorrect. [C:\WorkPrograms\git-projects\srsRAN_4G\fpga\projects\lte_phy_math\math\math_fma_macro.sv:]
WARNING: [filemgmt 56-199] Attempt to get parsing info during refresh. "On-the-fly" syntax checking information may be incorrect. [C:\WorkPrograms\git-projects\srsRAN_4G\fpga\projects\lte_phy_math\testbench\math_fma_macro_tb.sv:]
ERROR: [Common 17-180] Spawn failed: No error
WARNING: [filemgmt 56-199] Attempt to get parsing info during refresh. "On-the-fly" syntax checking information may be incorrect. [C:\WorkPrograms\git-projects\srsRAN_4G\fpga\projects\lte_phy_math\math\math_fma_macro.sv:]
WARNING: [filemgmt 56-199] Attempt to get parsing info during refresh. "On-the-fly" syntax checking information may be incorrect. [C:\WorkPrograms\git-projects\srsRAN_4G\fpga\projects\lte_phy_math\testbench\math_fma_macro_tb.sv:]
ERROR: [Common 17-180] Spawn failed: No error
WARNING: [filemgmt 56-199] Attempt to get parsing info during refresh. "On-the-fly" syntax checking information may be incorrect. [C:\WorkPrograms\git-projects\srsRAN_4G\fpga\projects\lte_phy_math\math\math_fma_macro.sv:]
WARNING: [filemgmt 56-199] Attempt to get parsing info during refresh. "On-the-fly" syntax checking information may be incorrect. [C:\WorkPrograms\git-projects\srsRAN_4G\fpga\projects\lte_phy_math\testbench\math_fma_macro_tb.sv:]
ERROR: [Common 17-180] Spawn failed: No error
WARNING: [filemgmt 56-199] Attempt to get parsing info during refresh. "On-the-fly" syntax checking information may be incorrect. [C:\WorkPrograms\git-projects\srsRAN_4G\fpga\projects\lte_phy_math\math\math_fma_macro.sv:]
WARNING: [filemgmt 56-199] Attempt to get parsing info during refresh. "On-the-fly" syntax checking information may be incorrect. [C:\WorkPrograms\git-projects\srsRAN_4G\fpga\projects\lte_phy_math\testbench\math_fma_macro_tb.sv:]
ERROR: [Common 17-180] Spawn failed: No error
WARNING: [filemgmt 56-199] Attempt to get parsing info during refresh. "On-the-fly" syntax checking information may be incorrect. [C:\WorkPrograms\git-projects\srsRAN_4G\fpga\projects\lte_phy_math\math\math_fma_macro.sv:]
WARNING: [filemgmt 56-199] Attempt to get parsing info during refresh. "On-the-fly" syntax checking information may be incorrect. [C:\WorkPrograms\git-projects\srsRAN_4G\fpga\projects\lte_phy_math\testbench\math_fma_macro_tb.sv:]
WARNING: [filemgmt 56-199] Attempt to get parsing info during refresh. "On-the-fly" syntax checking information may be incorrect. [C:\WorkPrograms\git-projects\srsRAN_4G\fpga\projects\lte_phy_math\math\math_fma_macro.sv:]
WARNING: [filemgmt 56-199] Attempt to get parsing info during refresh. "On-the-fly" syntax checking information may be incorrect. [C:\WorkPrograms\git-projects\srsRAN_4G\fpga\projects\lte_phy_math\testbench\math_fma_macro_tb.sv:]
ERROR: [Common 17-180] Spawn failed: No error
WARNING: [filemgmt 56-199] Attempt to get parsing info during refresh. "On-the-fly" syntax checking information may be incorrect. [C:\WorkPrograms\git-projects\srsRAN_4G\fpga\projects\lte_phy_math\math\math_fma_macro.sv:]
WARNING: [filemgmt 56-199] Attempt to get parsing info during refresh. "On-the-fly" syntax checking information may be incorrect. [C:\WorkPrograms\git-projects\srsRAN_4G\fpga\projects\lte_phy_math\testbench\math_fma_macro_tb.sv:]
ERROR: [Common 17-180] Spawn failed: No error
WARNING: [filemgmt 56-199] Attempt to get parsing info during refresh. "On-the-fly" syntax checking information may be incorrect. [C:\WorkPrograms\git-projects\srsRAN_4G\fpga\projects\lte_phy_math\math\math_fma_macro.sv:]
WARNING: [filemgmt 56-199] Attempt to get parsing info during refresh. "On-the-fly" syntax checking information may be incorrect. [C:\WorkPrograms\git-projects\srsRAN_4G\fpga\projects\lte_phy_math\testbench\math_fma_macro_tb.sv:]
ERROR: [Common 17-180] Spawn failed: No error
WARNING: [filemgmt 56-199] Attempt to get parsing info during refresh. "On-the-fly" syntax checking information may be incorrect. [C:\WorkPrograms\git-projects\srsRAN_4G\fpga\projects\lte_phy_math\math\math_fma_macro.sv:]
WARNING: [filemgmt 56-199] Attempt to get parsing info during refresh. "On-the-fly" syntax checking information may be incorrect. [C:\WorkPrograms\git-projects\srsRAN_4G\fpga\projects\lte_phy_math\testbench\math_fma_macro_tb.sv:]
ERROR: [Common 17-180] Spawn failed: No error
relaunch_sim
Command: launch_simulation -step compile -simset sim_1 -mode behavioral
INFO: [Vivado 12-12493] Simulation top is 'tb_math_fma_macro'
WARNING: [Vivado 12-13340] Unable to auto find GCC executables from simulator install path! (path not set)
INFO: [Vivado 12-5682] Launching behavioral simulation in 'C:/WorkPrograms/git-projects/srsRAN_4G/fpga/projects/lte_phy_math/lte_phy_math.sim/sim_1/behav/xsim'
INFO: [SIM-utils-51] Simulation object is 'sim_1'
INFO: [USF-XSim-2] XSim::Compile design
INFO: [USF-XSim-61] Executing 'COMPILE and ANALYZE' step in 'C:/WorkPrograms/git-projects/srsRAN_4G/fpga/projects/lte_phy_math/lte_phy_math.sim/sim_1/behav/xsim'
"xvlog --incr --relax -L uvm -prj tb_math_fma_macro_vlog.prj"
INFO: [VRFC 10-2263] Analyzing SystemVerilog file "C:/WorkPrograms/git-projects/srsRAN_4G/fpga/projects/lte_phy_math/math/math_fma_macro.sv" into library xil_defaultlib
INFO: [VRFC 10-311] analyzing module math_fma_macro
INFO: [VRFC 10-2263] Analyzing SystemVerilog file "C:/WorkPrograms/git-projects/srsRAN_4G/fpga/projects/lte_phy_math/testbench/math_fma_macro_tb.sv" into library xil_defaultlib
INFO: [VRFC 10-311] analyzing module tb_math_fma_macro
INFO: [USF-XSim-69] 'compile' step finished in '2' seconds
Command: launch_simulation -step elaborate -simset sim_1 -mode behavioral
INFO: [Vivado 12-12493] Simulation top is 'tb_math_fma_macro'
WARNING: [Vivado 12-13340] Unable to auto find GCC executables from simulator install path! (path not set)
INFO: [Vivado 12-5682] Launching behavioral simulation in 'C:/WorkPrograms/git-projects/srsRAN_4G/fpga/projects/lte_phy_math/lte_phy_math.sim/sim_1/behav/xsim'
INFO: [SIM-utils-51] Simulation object is 'sim_1'
INFO: [USF-XSim-3] XSim::Elaborate design
INFO: [USF-XSim-61] Executing 'ELABORATE' step in 'C:/WorkPrograms/git-projects/srsRAN_4G/fpga/projects/lte_phy_math/lte_phy_math.sim/sim_1/behav/xsim'
"xelab --incr --debug typical --relax --mt 2 -L xil_defaultlib -L uvm -L unisims_ver -L unimacro_ver -L secureip --snapshot tb_math_fma_macro_behav xil_defaultlib.tb_math_fma_macro xil_defaultlib.glbl -log elaborate.log"
Vivado Simulator v2023.2
Copyright 1986-2022 Xilinx, Inc. All Rights Reserved.
Copyright 2022-2023 Advanced Micro Devices, Inc. All Rights Reserved.
Running: C:/WorkPrograms/Engineering/Xilinx/Vivado/2023.2/bin/unwrapped/win64.o/xelab.exe --incr --debug typical --relax --mt 2 -L xil_defaultlib -L uvm -L unisims_ver -L unimacro_ver -L secureip --snapshot tb_math_fma_macro_behav xil_defaultlib.tb_math_fma_macro xil_defaultlib.glbl -log elaborate.log 
Using 2 slave threads.
Starting static elaboration
Pass Through NonSizing Optimizer
Completed static elaboration
Starting simulation data flow analysis
WARNING: [XSIM 43-4099] "C:/WorkPrograms/git-projects/srsRAN_4G/fpga/projects/lte_phy_math/math/math_fma_macro.sv" Line 21. Module math_fma_macro(PIPE=2) doesn't have a timescale but at least one module in design has a timescale.
WARNING: [XSIM 43-4099] "C:/WorkPrograms/git-projects/srsRAN_4G/fpga/projects/lte_phy_math/math/math_fma_macro.sv" Line 21. Module math_fma_macro(PIPE=2) doesn't have a timescale but at least one module in design has a timescale.
Completed simulation data flow analysis
Time Resolution for simulation is 1ps
Compiling module xil_defaultlib.math_fma_macro(PIPE=2)
Compiling module xil_defaultlib.tb_math_fma_macro
Compiling module xil_defaultlib.glbl
Built simulation snapshot tb_math_fma_macro_behav
INFO: [USF-XSim-69] 'elaborate' step finished in '3' seconds
Time resolution is 1 ps
$finish called at time : 135 ns : File "C:/WorkPrograms/git-projects/srsRAN_4G/fpga/projects/lte_phy_math/testbench/math_fma_macro_tb.sv" Line 115
relaunch_sim: Time (s): cpu = 00:00:00 ; elapsed = 00:00:07 . Memory (MB): peak = 2732.312 ; gain = 0.000
WARNING: [filemgmt 56-199] Attempt to get parsing info during refresh. "On-the-fly" syntax checking information may be incorrect. [C:\WorkPrograms\git-projects\srsRAN_4G\fpga\projects\lte_phy_math\math\math_fma_macro.sv:]
WARNING: [filemgmt 56-199] Attempt to get parsing info during refresh. "On-the-fly" syntax checking information may be incorrect. [C:\WorkPrograms\git-projects\srsRAN_4G\fpga\projects\lte_phy_math\testbench\math_fma_macro_tb.sv:]
ERROR: [Common 17-180] Spawn failed: No error
WARNING: [filemgmt 56-199] Attempt to get parsing info during refresh. "On-the-fly" syntax checking information may be incorrect. [C:\WorkPrograms\git-projects\srsRAN_4G\fpga\projects\lte_phy_math\math\math_fma_macro.sv:]
WARNING: [filemgmt 56-199] Attempt to get parsing info during refresh. "On-the-fly" syntax checking information may be incorrect. [C:\WorkPrograms\git-projects\srsRAN_4G\fpga\projects\lte_phy_math\testbench\math_fma_macro_tb.sv:]
ERROR: [Common 17-180] Spawn failed: No error
relaunch_sim
Command: launch_simulation -step compile -simset sim_1 -mode behavioral
INFO: [Vivado 12-12493] Simulation top is 'tb_math_fma_macro'
WARNING: [Vivado 12-13340] Unable to auto find GCC executables from simulator install path! (path not set)
INFO: [Vivado 12-5682] Launching behavioral simulation in 'C:/WorkPrograms/git-projects/srsRAN_4G/fpga/projects/lte_phy_math/lte_phy_math.sim/sim_1/behav/xsim'
INFO: [SIM-utils-51] Simulation object is 'sim_1'
INFO: [USF-XSim-2] XSim::Compile design
INFO: [USF-XSim-61] Executing 'COMPILE and ANALYZE' step in 'C:/WorkPrograms/git-projects/srsRAN_4G/fpga/projects/lte_phy_math/lte_phy_math.sim/sim_1/behav/xsim'
"xvlog --incr --relax -L uvm -prj tb_math_fma_macro_vlog.prj"
INFO: [VRFC 10-2263] Analyzing SystemVerilog file "C:/WorkPrograms/git-projects/srsRAN_4G/fpga/projects/lte_phy_math/math/math_fma_macro.sv" into library xil_defaultlib
INFO: [VRFC 10-311] analyzing module math_fma_macro
INFO: [VRFC 10-2263] Analyzing SystemVerilog file "C:/WorkPrograms/git-projects/srsRAN_4G/fpga/projects/lte_phy_math/testbench/math_fma_macro_tb.sv" into library xil_defaultlib
INFO: [VRFC 10-311] analyzing module tb_math_fma_macro
INFO: [USF-XSim-69] 'compile' step finished in '2' seconds
Command: launch_simulation -step elaborate -simset sim_1 -mode behavioral
INFO: [Vivado 12-12493] Simulation top is 'tb_math_fma_macro'
WARNING: [Vivado 12-13340] Unable to auto find GCC executables from simulator install path! (path not set)
INFO: [Vivado 12-5682] Launching behavioral simulation in 'C:/WorkPrograms/git-projects/srsRAN_4G/fpga/projects/lte_phy_math/lte_phy_math.sim/sim_1/behav/xsim'
INFO: [SIM-utils-51] Simulation object is 'sim_1'
INFO: [USF-XSim-3] XSim::Elaborate design
INFO: [USF-XSim-61] Executing 'ELABORATE' step in 'C:/WorkPrograms/git-projects/srsRAN_4G/fpga/projects/lte_phy_math/lte_phy_math.sim/sim_1/behav/xsim'
"xelab --incr --debug typical --relax --mt 2 -L xil_defaultlib -L uvm -L unisims_ver -L unimacro_ver -L secureip --snapshot tb_math_fma_macro_behav xil_defaultlib.tb_math_fma_macro xil_defaultlib.glbl -log elaborate.log"
Vivado Simulator v2023.2
Copyright 1986-2022 Xilinx, Inc. All Rights Reserved.
Copyright 2022-2023 Advanced Micro Devices, Inc. All Rights Reserved.
Running: C:/WorkPrograms/Engineering/Xilinx/Vivado/2023.2/bin/unwrapped/win64.o/xelab.exe --incr --debug typical --relax --mt 2 -L xil_defaultlib -L uvm -L unisims_ver -L unimacro_ver -L secureip --snapshot tb_math_fma_macro_behav xil_defaultlib.tb_math_fma_macro xil_defaultlib.glbl -log elaborate.log 
Using 2 slave threads.
Starting static elaboration
Pass Through NonSizing Optimizer
Completed static elaboration
Starting simulation data flow analysis
WARNING: [XSIM 43-4099] "C:/WorkPrograms/git-projects/srsRAN_4G/fpga/projects/lte_phy_math/math/math_fma_macro.sv" Line 21. Module math_fma_macro(PIPE=2) doesn't have a timescale but at least one module in design has a timescale.
WARNING: [XSIM 43-4099] "C:/WorkPrograms/git-projects/srsRAN_4G/fpga/projects/lte_phy_math/math/math_fma_macro.sv" Line 21. Module math_fma_macro(PIPE=2) doesn't have a timescale but at least one module in design has a timescale.
Completed simulation data flow analysis
Time Resolution for simulation is 1ps
Compiling module xil_defaultlib.math_fma_macro(PIPE=2)
Compiling module xil_defaultlib.tb_math_fma_macro
Compiling module xil_defaultlib.glbl
Built simulation snapshot tb_math_fma_macro_behav
INFO: [USF-XSim-69] 'elaborate' step finished in '3' seconds
Time resolution is 1 ps
$finish called at time : 185 ns : File "C:/WorkPrograms/git-projects/srsRAN_4G/fpga/projects/lte_phy_math/testbench/math_fma_macro_tb.sv" Line 121
relaunch_sim: Time (s): cpu = 00:00:01 ; elapsed = 00:00:07 . Memory (MB): peak = 2733.020 ; gain = 0.000
save_wave_config {C:/WorkPrograms/git-projects/srsRAN_4G/fpga/projects/lte_phy_math/testbench/tb_math_fma_macro_behav.wcfg}
add_files -fileset sim_1 -norecurse C:/WorkPrograms/git-projects/srsRAN_4G/fpga/projects/lte_phy_math/testbench/tb_math_fma_macro_behav.wcfg
set_property xsim.view C:/WorkPrograms/git-projects/srsRAN_4G/fpga/projects/lte_phy_math/testbench/tb_math_fma_macro_behav.wcfg [get_filesets sim_1]
WARNING: [filemgmt 56-199] Attempt to get parsing info during refresh. "On-the-fly" syntax checking information may be incorrect. [C:\WorkPrograms\git-projects\srsRAN_4G\fpga\projects\lte_phy_math\math\math_fma_macro.sv:]
WARNING: [filemgmt 56-199] Attempt to get parsing info during refresh. "On-the-fly" syntax checking information may be incorrect. [C:\WorkPrograms\git-projects\srsRAN_4G\fpga\projects\lte_phy_math\testbench\math_fma_macro_tb.sv:]
ERROR: [Common 17-180] Spawn failed: No error
WARNING: [filemgmt 56-199] Attempt to get parsing info during refresh. "On-the-fly" syntax checking information may be incorrect. [C:\WorkPrograms\git-projects\srsRAN_4G\fpga\projects\lte_phy_math\math\math_fma_macro.sv:]
WARNING: [filemgmt 56-199] Attempt to get parsing info during refresh. "On-the-fly" syntax checking information may be incorrect. [C:\WorkPrograms\git-projects\srsRAN_4G\fpga\projects\lte_phy_math\testbench\math_fma_macro_tb.sv:]
ERROR: [Common 17-180] Spawn failed: No error
WARNING: [filemgmt 56-199] Attempt to get parsing info during refresh. "On-the-fly" syntax checking information may be incorrect. [C:\WorkPrograms\git-projects\srsRAN_4G\fpga\projects\lte_phy_math\math\math_fma_macro.sv:]
WARNING: [filemgmt 56-199] Attempt to get parsing info during refresh. "On-the-fly" syntax checking information may be incorrect. [C:\WorkPrograms\git-projects\srsRAN_4G\fpga\projects\lte_phy_math\testbench\math_fma_macro_tb.sv:]
ERROR: [Common 17-180] Spawn failed: No error
WARNING: [filemgmt 56-199] Attempt to get parsing info during refresh. "On-the-fly" syntax checking information may be incorrect. [C:\WorkPrograms\git-projects\srsRAN_4G\fpga\projects\lte_phy_math\math\math_fma_macro.sv:]
WARNING: [filemgmt 56-199] Attempt to get parsing info during refresh. "On-the-fly" syntax checking information may be incorrect. [C:\WorkPrograms\git-projects\srsRAN_4G\fpga\projects\lte_phy_math\testbench\math_fma_macro_tb.sv:]
ERROR: [Common 17-180] Spawn failed: No error
WARNING: [filemgmt 56-199] Attempt to get parsing info during refresh. "On-the-fly" syntax checking information may be incorrect. [C:\WorkPrograms\git-projects\srsRAN_4G\fpga\projects\lte_phy_math\math\math_fma_macro.sv:]
WARNING: [filemgmt 56-199] Attempt to get parsing info during refresh. "On-the-fly" syntax checking information may be incorrect. [C:\WorkPrograms\git-projects\srsRAN_4G\fpga\projects\lte_phy_math\testbench\math_fma_macro_tb.sv:]
ERROR: [Common 17-180] Spawn failed: No error
WARNING: [filemgmt 56-199] Attempt to get parsing info during refresh. "On-the-fly" syntax checking information may be incorrect. [C:\WorkPrograms\git-projects\srsRAN_4G\fpga\projects\lte_phy_math\math\math_fma_macro.sv:]
WARNING: [filemgmt 56-199] Attempt to get parsing info during refresh. "On-the-fly" syntax checking information may be incorrect. [C:\WorkPrograms\git-projects\srsRAN_4G\fpga\projects\lte_phy_math\testbench\math_fma_macro_tb.sv:]
ERROR: [Common 17-180] Spawn failed: No error
WARNING: [filemgmt 56-199] Attempt to get parsing info during refresh. "On-the-fly" syntax checking information may be incorrect. [C:\WorkPrograms\git-projects\srsRAN_4G\fpga\projects\lte_phy_math\math\math_fma_macro.sv:]
WARNING: [filemgmt 56-199] Attempt to get parsing info during refresh. "On-the-fly" syntax checking information may be incorrect. [C:\WorkPrograms\git-projects\srsRAN_4G\fpga\projects\lte_phy_math\testbench\math_fma_macro_tb.sv:]
ERROR: [Common 17-180] Spawn failed: No error
WARNING: [filemgmt 56-199] Attempt to get parsing info during refresh. "On-the-fly" syntax checking information may be incorrect. [C:\WorkPrograms\git-projects\srsRAN_4G\fpga\projects\lte_phy_math\math\math_fma_macro.sv:]
WARNING: [filemgmt 56-199] Attempt to get parsing info during refresh. "On-the-fly" syntax checking information may be incorrect. [C:\WorkPrograms\git-projects\srsRAN_4G\fpga\projects\lte_phy_math\testbench\math_fma_macro_tb.sv:]
ERROR: [Common 17-180] Spawn failed: No error
WARNING: [filemgmt 56-199] Attempt to get parsing info during refresh. "On-the-fly" syntax checking information may be incorrect. [C:\WorkPrograms\git-projects\srsRAN_4G\fpga\projects\lte_phy_math\math\math_fma_macro.sv:]
WARNING: [filemgmt 56-199] Attempt to get parsing info during refresh. "On-the-fly" syntax checking information may be incorrect. [C:\WorkPrograms\git-projects\srsRAN_4G\fpga\projects\lte_phy_math\testbench\math_fma_macro_tb.sv:]
ERROR: [Common 17-180] Spawn failed: No error
relaunch_sim
Command: launch_simulation -step compile -simset sim_1 -mode behavioral
INFO: [Vivado 12-12493] Simulation top is 'tb_math_fma_macro'
WARNING: [Vivado 12-13340] Unable to auto find GCC executables from simulator install path! (path not set)
INFO: [Vivado 12-5682] Launching behavioral simulation in 'C:/WorkPrograms/git-projects/srsRAN_4G/fpga/projects/lte_phy_math/lte_phy_math.sim/sim_1/behav/xsim'
INFO: [SIM-utils-51] Simulation object is 'sim_1'
INFO: [USF-XSim-2] XSim::Compile design
INFO: [USF-XSim-61] Executing 'COMPILE and ANALYZE' step in 'C:/WorkPrograms/git-projects/srsRAN_4G/fpga/projects/lte_phy_math/lte_phy_math.sim/sim_1/behav/xsim'
"xvlog --incr --relax -L uvm -prj tb_math_fma_macro_vlog.prj"
INFO: [VRFC 10-2263] Analyzing SystemVerilog file "C:/WorkPrograms/git-projects/srsRAN_4G/fpga/projects/lte_phy_math/math/math_fma_macro.sv" into library xil_defaultlib
INFO: [VRFC 10-311] analyzing module math_fma_macro
INFO: [VRFC 10-2263] Analyzing SystemVerilog file "C:/WorkPrograms/git-projects/srsRAN_4G/fpga/projects/lte_phy_math/testbench/math_fma_macro_tb.sv" into library xil_defaultlib
INFO: [VRFC 10-311] analyzing module tb_math_fma_macro
INFO: [USF-XSim-69] 'compile' step finished in '5' seconds
launch_simulation: Time (s): cpu = 00:00:00 ; elapsed = 00:00:05 . Memory (MB): peak = 2733.129 ; gain = 0.000
Command: launch_simulation -step elaborate -simset sim_1 -mode behavioral
INFO: [Vivado 12-12493] Simulation top is 'tb_math_fma_macro'
WARNING: [Vivado 12-13340] Unable to auto find GCC executables from simulator install path! (path not set)
INFO: [Vivado 12-5682] Launching behavioral simulation in 'C:/WorkPrograms/git-projects/srsRAN_4G/fpga/projects/lte_phy_math/lte_phy_math.sim/sim_1/behav/xsim'
INFO: [SIM-utils-51] Simulation object is 'sim_1'
INFO: [USF-XSim-3] XSim::Elaborate design
INFO: [USF-XSim-61] Executing 'ELABORATE' step in 'C:/WorkPrograms/git-projects/srsRAN_4G/fpga/projects/lte_phy_math/lte_phy_math.sim/sim_1/behav/xsim'
"xelab --incr --debug typical --relax --mt 2 -L xil_defaultlib -L uvm -L unisims_ver -L unimacro_ver -L secureip --snapshot tb_math_fma_macro_behav xil_defaultlib.tb_math_fma_macro xil_defaultlib.glbl -log elaborate.log"
Vivado Simulator v2023.2
Copyright 1986-2022 Xilinx, Inc. All Rights Reserved.
Copyright 2022-2023 Advanced Micro Devices, Inc. All Rights Reserved.
Running: C:/WorkPrograms/Engineering/Xilinx/Vivado/2023.2/bin/unwrapped/win64.o/xelab.exe --incr --debug typical --relax --mt 2 -L xil_defaultlib -L uvm -L unisims_ver -L unimacro_ver -L secureip --snapshot tb_math_fma_macro_behav xil_defaultlib.tb_math_fma_macro xil_defaultlib.glbl -log elaborate.log 
Using 2 slave threads.
Starting static elaboration
Pass Through NonSizing Optimizer
Completed static elaboration
Starting simulation data flow analysis
WARNING: [XSIM 43-4099] "C:/WorkPrograms/git-projects/srsRAN_4G/fpga/projects/lte_phy_math/math/math_fma_macro.sv" Line 21. Module math_fma_macro(PIPE=1) doesn't have a timescale but at least one module in design has a timescale.
WARNING: [XSIM 43-4099] "C:/WorkPrograms/git-projects/srsRAN_4G/fpga/projects/lte_phy_math/math/math_fma_macro.sv" Line 21. Module math_fma_macro(PIPE=1) doesn't have a timescale but at least one module in design has a timescale.
Completed simulation data flow analysis
Time Resolution for simulation is 1ps
Compiling module xil_defaultlib.math_fma_macro(PIPE=1)
Compiling module xil_defaultlib.tb_math_fma_macro
Compiling module xil_defaultlib.glbl
Built simulation snapshot tb_math_fma_macro_behav
run_program: Time (s): cpu = 00:00:00 ; elapsed = 00:00:08 . Memory (MB): peak = 2733.129 ; gain = 0.000
INFO: [USF-XSim-69] 'elaborate' step finished in '8' seconds
launch_simulation: Time (s): cpu = 00:00:00 ; elapsed = 00:00:08 . Memory (MB): peak = 2733.129 ; gain = 0.000
Time resolution is 1 ps
$finish called at time : 185 ns : File "C:/WorkPrograms/git-projects/srsRAN_4G/fpga/projects/lte_phy_math/testbench/math_fma_macro_tb.sv" Line 121
relaunch_sim: Time (s): cpu = 00:00:01 ; elapsed = 00:00:17 . Memory (MB): peak = 2733.129 ; gain = 0.000
save_wave_config {C:/WorkPrograms/git-projects/srsRAN_4G/fpga/projects/lte_phy_math/testbench/tb_math_fma_macro_behav.wcfg}
WARNING: [filemgmt 56-199] Attempt to get parsing info during refresh. "On-the-fly" syntax checking information may be incorrect. [C:\WorkPrograms\git-projects\srsRAN_4G\fpga\projects\lte_phy_math\math\math_fma_macro.sv:]
WARNING: [filemgmt 56-199] Attempt to get parsing info during refresh. "On-the-fly" syntax checking information may be incorrect. [C:\WorkPrograms\git-projects\srsRAN_4G\fpga\projects\lte_phy_math\testbench\math_fma_macro_tb.sv:]
ERROR: [Common 17-180] Spawn failed: No error
WARNING: [filemgmt 56-199] Attempt to get parsing info during refresh. "On-the-fly" syntax checking information may be incorrect. [C:\WorkPrograms\git-projects\srsRAN_4G\fpga\projects\lte_phy_math\math\math_fma_macro.sv:]
WARNING: [filemgmt 56-199] Attempt to get parsing info during refresh. "On-the-fly" syntax checking information may be incorrect. [C:\WorkPrograms\git-projects\srsRAN_4G\fpga\projects\lte_phy_math\testbench\math_fma_macro_tb.sv:]
ERROR: [Common 17-180] Spawn failed: No error
WARNING: [filemgmt 56-199] Attempt to get parsing info during refresh. "On-the-fly" syntax checking information may be incorrect. [C:\WorkPrograms\git-projects\srsRAN_4G\fpga\projects\lte_phy_math\math\math_fma_macro.sv:]
WARNING: [filemgmt 56-199] Attempt to get parsing info during refresh. "On-the-fly" syntax checking information may be incorrect. [C:\WorkPrograms\git-projects\srsRAN_4G\fpga\projects\lte_phy_math\testbench\math_fma_macro_tb.sv:]
ERROR: [Common 17-180] Spawn failed: No such file or directory
WARNING: [filemgmt 56-199] Attempt to get parsing info during refresh. "On-the-fly" syntax checking information may be incorrect. [C:\WorkPrograms\git-projects\srsRAN_4G\fpga\projects\lte_phy_math\math\math_fma_macro.sv:]
WARNING: [filemgmt 56-199] Attempt to get parsing info during refresh. "On-the-fly" syntax checking information may be incorrect. [C:\WorkPrograms\git-projects\srsRAN_4G\fpga\projects\lte_phy_math\testbench\math_fma_macro_tb.sv:]
ERROR: [Common 17-180] Spawn failed: No such file or directory
WARNING: [filemgmt 56-199] Attempt to get parsing info during refresh. "On-the-fly" syntax checking information may be incorrect. [C:\WorkPrograms\git-projects\srsRAN_4G\fpga\projects\lte_phy_math\math\math_fma_macro.sv:]
WARNING: [filemgmt 56-199] Attempt to get parsing info during refresh. "On-the-fly" syntax checking information may be incorrect. [C:\WorkPrograms\git-projects\srsRAN_4G\fpga\projects\lte_phy_math\testbench\math_fma_macro_tb.sv:]
ERROR: [Common 17-180] Spawn failed: No error
WARNING: [filemgmt 56-199] Attempt to get parsing info during refresh. "On-the-fly" syntax checking information may be incorrect. [C:\WorkPrograms\git-projects\srsRAN_4G\fpga\projects\lte_phy_math\math\math_fma_macro.sv:]
WARNING: [filemgmt 56-199] Attempt to get parsing info during refresh. "On-the-fly" syntax checking information may be incorrect. [C:\WorkPrograms\git-projects\srsRAN_4G\fpga\projects\lte_phy_math\testbench\math_fma_macro_tb.sv:]
ERROR: [Common 17-180] Spawn failed: No error
launch_runs synth_1 -jobs 12
WARNING: [Vivado 12-7122] Auto Incremental Compile:: No reference checkpoint was found in run synth_1. Auto-incremental flow will not be run, the standard flow will be run instead.
[Wed Dec 17 19:43:48 2025] Launched synth_1...
Run output will be captured here: C:/WorkPrograms/git-projects/srsRAN_4G/fpga/projects/lte_phy_math/lte_phy_math.runs/synth_1/runme.log
add_files -norecurse C:/WorkPrograms/git-projects/srsRAN_4G/fpga/projects/lte_phy_math/math/math_complex_corr.sv
reset_run synth_1
WARNING: [Vivado 12-1017] Problems encountered:
1. Failed to delete one or more files in run directory C:/WorkPrograms/git-projects/srsRAN_4G/fpga/projects/lte_phy_math/lte_phy_math.runs/synth_1

launch_runs synth_1 -jobs 12
WARNING: [Vivado 12-7122] Auto Incremental Compile:: No reference checkpoint was found in run synth_1. Auto-incremental flow will not be run, the standard flow will be run instead.
[Wed Dec 17 19:45:01 2025] Launched synth_1...
Run output will be captured here: C:/WorkPrograms/git-projects/srsRAN_4G/fpga/projects/lte_phy_math/lte_phy_math.runs/synth_1/runme.log
reset_run synth_1
launch_runs synth_1 -jobs 12
WARNING: [Vivado 12-7122] Auto Incremental Compile:: No reference checkpoint was found in run synth_1. Auto-incremental flow will not be run, the standard flow will be run instead.
[Wed Dec 17 19:51:47 2025] Launched synth_1...
Run output will be captured here: C:/WorkPrograms/git-projects/srsRAN_4G/fpga/projects/lte_phy_math/lte_phy_math.runs/synth_1/runme.log
reset_run synth_1
launch_runs synth_1 -jobs 12
WARNING: [Vivado 12-7122] Auto Incremental Compile:: No reference checkpoint was found in run synth_1. Auto-incremental flow will not be run, the standard flow will be run instead.
[Wed Dec 17 19:59:50 2025] Launched synth_1...
Run output will be captured here: C:/WorkPrograms/git-projects/srsRAN_4G/fpga/projects/lte_phy_math/lte_phy_math.runs/synth_1/runme.log
launch_runs impl_1 -jobs 12
[Wed Dec 17 20:01:04 2025] Launched impl_1...
Run output will be captured here: C:/WorkPrograms/git-projects/srsRAN_4G/fpga/projects/lte_phy_math/lte_phy_math.runs/impl_1/runme.log
set_property STRATEGY {} [get_runs synth_1]
ERROR: [Common 17-162] Invalid option value specified for 'value'.
set_property strategy Flow_AreaMultThresholdDSP [get_runs synth_1]
reset_run synth_1
INFO: [Project 1-1160] Copying file C:/WorkPrograms/git-projects/srsRAN_4G/fpga/projects/lte_phy_math/lte_phy_math.runs/synth_1/lte_phy_math.dcp to C:/WorkPrograms/git-projects/srsRAN_4G/fpga/projects/lte_phy_math/lte_phy_math.srcs/utils_1/imports/synth_1 and adding it to utils fileset
launch_runs synth_1 -jobs 12
[Wed Dec 17 20:03:28 2025] Launched synth_1...
Run output will be captured here: C:/WorkPrograms/git-projects/srsRAN_4G/fpga/projects/lte_phy_math/lte_phy_math.runs/synth_1/runme.log
set_property strategy {Vivado Synthesis Defaults} [get_runs synth_1]
reset_run synth_1
INFO: [Project 1-1161] Replacing file C:/WorkPrograms/git-projects/srsRAN_4G/fpga/projects/lte_phy_math/lte_phy_math.srcs/utils_1/imports/synth_1/lte_phy_math.dcp with file C:/WorkPrograms/git-projects/srsRAN_4G/fpga/projects/lte_phy_math/lte_phy_math.runs/synth_1/lte_phy_math.dcp
launch_runs synth_1 -jobs 12
[Wed Dec 17 20:06:03 2025] Launched synth_1...
Run output will be captured here: C:/WorkPrograms/git-projects/srsRAN_4G/fpga/projects/lte_phy_math/lte_phy_math.runs/synth_1/runme.log
open_run synth_1 -name synth_1
Design is defaulting to impl run constrset: constrs_1
Design is defaulting to synth run part: xc7z020clg484-1
INFO: [Device 21-403] Loading part xc7z020clg484-1
Netlist sorting complete. Time (s): cpu = 00:00:00 ; elapsed = 00:00:00.001 . Memory (MB): peak = 2741.430 ; gain = 0.000
INFO: [Project 1-479] Netlist was created with Vivado 2023.2
INFO: [Project 1-570] Preparing netlist for logic optimization
INFO: [Opt 31-138] Pushed 0 inverter(s) to 0 load pin(s).
Netlist sorting complete. Time (s): cpu = 00:00:00 ; elapsed = 00:00:00 . Memory (MB): peak = 2741.430 ; gain = 0.000
INFO: [Project 1-111] Unisim Transformation Summary:
No Unisim elements were transformed.

open_run: Time (s): cpu = 00:00:13 ; elapsed = 00:00:10 . Memory (MB): peak = 2741.430 ; gain = 0.000
launch_runs impl_1 -jobs 12
Write ShapeDB Complete: Time (s): cpu = 00:00:00 ; elapsed = 00:00:00.001 . Memory (MB): peak = 2781.184 ; gain = 0.000
[Wed Dec 17 20:10:31 2025] Launched impl_1...
Run output will be captured here: C:/WorkPrograms/git-projects/srsRAN_4G/fpga/projects/lte_phy_math/lte_phy_math.runs/impl_1/runme.log
file mkdir C:/WorkPrograms/git-projects/srsRAN_4G/fpga/projects/lte_phy_math/lte_phy_math.srcs/constrs_1
file mkdir C:/WorkPrograms/git-projects/srsRAN_4G/fpga/projects/lte_phy_math/lte_phy_math.srcs/constrs_1/new
close [ open C:/WorkPrograms/git-projects/srsRAN_4G/fpga/projects/lte_phy_math/lte_phy_math.srcs/constrs_1/new/test.xdc w ]
add_files -fileset constrs_1 C:/WorkPrograms/git-projects/srsRAN_4G/fpga/projects/lte_phy_math/lte_phy_math.srcs/constrs_1/new/test.xdc
refresh_design
INFO: [Project 1-570] Preparing netlist for logic optimization
Parsing XDC File [C:/WorkPrograms/git-projects/srsRAN_4G/fpga/projects/lte_phy_math/lte_phy_math.srcs/constrs_1/new/test.xdc]
Finished Parsing XDC File [C:/WorkPrograms/git-projects/srsRAN_4G/fpga/projects/lte_phy_math/lte_phy_math.srcs/constrs_1/new/test.xdc]
INFO: [Opt 31-138] Pushed 0 inverter(s) to 0 load pin(s).
place_ports {i_data_i_0[15]} A17
place_ports {i_data_i_0[14]} A16
place_ports {i_data_i_0[13]} A21
place_ports {i_data_i_0[12]} AA4
place_ports {i_data_i_0[11]} AA6
place_ports {i_data_i_0[10]} AA9
place_ports {i_data_i_0[9]} AA14
set_property target_constrs_file C:/WorkPrograms/git-projects/srsRAN_4G/fpga/projects/lte_phy_math/lte_phy_math.srcs/constrs_1/new/test.xdc [current_fileset -constrset]
save_constraints -force
reset_run synth_1
INFO: [Project 1-1161] Replacing file C:/WorkPrograms/git-projects/srsRAN_4G/fpga/projects/lte_phy_math/lte_phy_math.srcs/utils_1/imports/synth_1/lte_phy_math.dcp with file C:/WorkPrograms/git-projects/srsRAN_4G/fpga/projects/lte_phy_math/lte_phy_math.runs/synth_1/lte_phy_math.dcp
launch_runs synth_1 -jobs 12
[Wed Dec 17 20:25:33 2025] Launched synth_1...
Run output will be captured here: C:/WorkPrograms/git-projects/srsRAN_4G/fpga/projects/lte_phy_math/lte_phy_math.runs/synth_1/runme.log
launch_runs impl_1 -jobs 12
WARNING: [Project 1-478] Design 'synth_1' is stale and will not be used when launching 'impl_1'
[Wed Dec 17 20:27:07 2025] Launched impl_1...
Run output will be captured here: C:/WorkPrograms/git-projects/srsRAN_4G/fpga/projects/lte_phy_math/lte_phy_math.runs/impl_1/runme.log
close_design
open_run impl_1
Netlist sorting complete. Time (s): cpu = 00:00:00 ; elapsed = 00:00:00 . Memory (MB): peak = 2835.395 ; gain = 0.000
INFO: [Project 1-479] Netlist was created with Vivado 2023.2
INFO: [Project 1-570] Preparing netlist for logic optimization
Read ShapeDB Complete: Time (s): cpu = 00:00:00 ; elapsed = 00:00:00.003 . Memory (MB): peak = 2835.395 ; gain = 0.000
INFO: [Timing 38-478] Restoring timing data from binary archive.
INFO: [Timing 38-479] Binary timing data restore complete.
INFO: [Project 1-856] Restoring constraints from binary archive.
INFO: [Project 1-853] Binary constraint restore complete.
INFO: [Designutils 20-5722] Start Reading Physical Databases.
Reading placement.
Read Netlist Cache: Time (s): cpu = 00:00:00 ; elapsed = 00:00:00 . Memory (MB): peak = 2871.898 ; gain = 0.000
Reading placer database...
Read Device Cache: Time (s): cpu = 00:00:00 ; elapsed = 00:00:00.015 . Memory (MB): peak = 2871.898 ; gain = 0.000
Read PlaceDB: Time (s): cpu = 00:00:00 ; elapsed = 00:00:00.003 . Memory (MB): peak = 2871.898 ; gain = 0.000
Read PulsedLatchDB: Time (s): cpu = 00:00:00 ; elapsed = 00:00:00 . Memory (MB): peak = 2871.898 ; gain = 0.000
Reading routing.
Read RouteStorage: Time (s): cpu = 00:00:00 ; elapsed = 00:00:00.009 . Memory (MB): peak = 2871.898 ; gain = 0.000
Read Physdb Files: Time (s): cpu = 00:00:00 ; elapsed = 00:00:00.037 . Memory (MB): peak = 2871.898 ; gain = 0.000
Restored from archive | CPU: 0.000000 secs | Memory: 0.000000 MB |
Finished XDEF File Restore: Time (s): cpu = 00:00:00 ; elapsed = 00:00:00.037 . Memory (MB): peak = 2871.898 ; gain = 0.000
Netlist sorting complete. Time (s): cpu = 00:00:00 ; elapsed = 00:00:00 . Memory (MB): peak = 2871.898 ; gain = 0.000
INFO: [Project 1-111] Unisim Transformation Summary:
No Unisim elements were transformed.

WARNING: [Timing 38-313] There are no user specified timing constraints. Timing constraints are needed for proper timing analysis.
reset_run synth_1
INFO: [Project 1-1161] Replacing file C:/WorkPrograms/git-projects/srsRAN_4G/fpga/projects/lte_phy_math/lte_phy_math.srcs/utils_1/imports/synth_1/lte_phy_math.dcp with file C:/WorkPrograms/git-projects/srsRAN_4G/fpga/projects/lte_phy_math/lte_phy_math.runs/synth_1/lte_phy_math.dcp
launch_runs synth_1 -jobs 12
[Wed Dec 17 20:31:52 2025] Launched synth_1...
Run output will be captured here: C:/WorkPrograms/git-projects/srsRAN_4G/fpga/projects/lte_phy_math/lte_phy_math.runs/synth_1/runme.log
close_design
launch_runs impl_1 -jobs 12
[Wed Dec 17 20:33:54 2025] Launched impl_1...
Run output will be captured here: C:/WorkPrograms/git-projects/srsRAN_4G/fpga/projects/lte_phy_math/lte_phy_math.runs/impl_1/runme.log
open_run impl_1
Netlist sorting complete. Time (s): cpu = 00:00:00 ; elapsed = 00:00:00.001 . Memory (MB): peak = 2942.293 ; gain = 0.000
INFO: [Project 1-479] Netlist was created with Vivado 2023.2
INFO: [Project 1-570] Preparing netlist for logic optimization
Read ShapeDB Complete: Time (s): cpu = 00:00:00 ; elapsed = 00:00:00.003 . Memory (MB): peak = 2942.293 ; gain = 0.000
INFO: [Timing 38-478] Restoring timing data from binary archive.
INFO: [Timing 38-479] Binary timing data restore complete.
INFO: [Project 1-856] Restoring constraints from binary archive.
INFO: [Project 1-853] Binary constraint restore complete.
INFO: [Designutils 20-5722] Start Reading Physical Databases.
Reading placement.
Read Netlist Cache: Time (s): cpu = 00:00:00 ; elapsed = 00:00:00 . Memory (MB): peak = 2942.293 ; gain = 0.000
Reading placer database...
Read Device Cache: Time (s): cpu = 00:00:00 ; elapsed = 00:00:00.015 . Memory (MB): peak = 2942.293 ; gain = 0.000
Read PlaceDB: Time (s): cpu = 00:00:00 ; elapsed = 00:00:00.003 . Memory (MB): peak = 2942.293 ; gain = 0.000
Read PulsedLatchDB: Time (s): cpu = 00:00:00 ; elapsed = 00:00:00 . Memory (MB): peak = 2942.293 ; gain = 0.000
Reading routing.
Read RouteStorage: Time (s): cpu = 00:00:00 ; elapsed = 00:00:00.011 . Memory (MB): peak = 2942.293 ; gain = 0.000
Read Physdb Files: Time (s): cpu = 00:00:00 ; elapsed = 00:00:00.040 . Memory (MB): peak = 2942.293 ; gain = 0.000
Restored from archive | CPU: 0.000000 secs | Memory: 0.000000 MB |
Finished XDEF File Restore: Time (s): cpu = 00:00:00 ; elapsed = 00:00:00.040 . Memory (MB): peak = 2942.293 ; gain = 0.000
Netlist sorting complete. Time (s): cpu = 00:00:00 ; elapsed = 00:00:00 . Memory (MB): peak = 2942.293 ; gain = 0.000
INFO: [Project 1-111] Unisim Transformation Summary:
No Unisim elements were transformed.

WARNING: [Timing 38-313] There are no user specified timing constraints. Timing constraints are needed for proper timing analysis.
set_property AUTO_INCREMENTAL_CHECKPOINT 0 [get_runs synth_1]
INFO: [Vivado 12-7078] The incremental_compile property on the run reflects the DCP used to generate the current run results. If you do not want to use "C:/WorkPrograms/git-projects/srsRAN_4G/fpga/projects/lte_phy_math/lte_phy_math.srcs/utils_1/imports/synth_1/lte_phy_math.dcp" for future runs, please clear the incremental_compile DCP run property.
set_property incremental_checkpoint {} [get_runs synth_1]
reset_run synth_1
launch_runs synth_1 -jobs 12
[Wed Dec 17 20:35:59 2025] Launched synth_1...
Run output will be captured here: C:/WorkPrograms/git-projects/srsRAN_4G/fpga/projects/lte_phy_math/lte_phy_math.runs/synth_1/runme.log
reset_run synth_1
WARNING: [Vivado 12-1017] Problems encountered:
1. Failed to delete one or more files in run directory C:/WorkPrograms/git-projects/srsRAN_4G/fpga/projects/lte_phy_math/lte_phy_math.runs/synth_1

close_design
launch_runs synth_1 -jobs 12
[Wed Dec 17 20:36:37 2025] Launched synth_1...
Run output will be captured here: C:/WorkPrograms/git-projects/srsRAN_4G/fpga/projects/lte_phy_math/lte_phy_math.runs/synth_1/runme.log
launch_runs impl_1 -jobs 12
[Wed Dec 17 20:37:47 2025] Launched impl_1...
Run output will be captured here: C:/WorkPrograms/git-projects/srsRAN_4G/fpga/projects/lte_phy_math/lte_phy_math.runs/impl_1/runme.log
reset_run synth_1
launch_runs synth_1 -jobs 12
[Wed Dec 17 20:41:19 2025] Launched synth_1...
Run output will be captured here: C:/WorkPrograms/git-projects/srsRAN_4G/fpga/projects/lte_phy_math/lte_phy_math.runs/synth_1/runme.log
launch_runs impl_1 -jobs 12
[Wed Dec 17 20:42:16 2025] Launched impl_1...
Run output will be captured here: C:/WorkPrograms/git-projects/srsRAN_4G/fpga/projects/lte_phy_math/lte_phy_math.runs/impl_1/runme.log
open_run synth_1 -name synth_1
Design is defaulting to impl run constrset: constrs_1
Design is defaulting to synth run part: xc7z020clg484-1
Netlist sorting complete. Time (s): cpu = 00:00:00 ; elapsed = 00:00:00 . Memory (MB): peak = 2960.473 ; gain = 0.000
INFO: [Project 1-479] Netlist was created with Vivado 2023.2
INFO: [Project 1-570] Preparing netlist for logic optimization
Parsing XDC File [C:/WorkPrograms/git-projects/srsRAN_4G/fpga/projects/lte_phy_math/lte_phy_math.srcs/constrs_1/new/test.xdc]
CRITICAL WARNING: [Netlist 29-69] Cannot set property 'DONT_TOUCH', because the property does not exist for objects of type 'port'. [C:/WorkPrograms/git-projects/srsRAN_4G/fpga/projects/lte_phy_math/lte_phy_math.srcs/constrs_1/new/test.xdc:31]
Resolution: Modify .xdc or RTL to not set this property or move it to one of the following object types that can accept this property: cell,net
Finished Parsing XDC File [C:/WorkPrograms/git-projects/srsRAN_4G/fpga/projects/lte_phy_math/lte_phy_math.srcs/constrs_1/new/test.xdc]
INFO: [Opt 31-138] Pushed 0 inverter(s) to 0 load pin(s).
Netlist sorting complete. Time (s): cpu = 00:00:00 ; elapsed = 00:00:00 . Memory (MB): peak = 2960.473 ; gain = 0.000
INFO: [Project 1-111] Unisim Transformation Summary:
No Unisim elements were transformed.

update_compile_order -fileset sources_1
update_compile_order -fileset sources_1
reset_run synth_1
launch_runs synth_1 -jobs 12
[Wed Dec 17 20:58:56 2025] Launched synth_1...
Run output will be captured here: C:/WorkPrograms/git-projects/srsRAN_4G/fpga/projects/lte_phy_math/lte_phy_math.runs/synth_1/runme.log
set_property DRIVE 12 [get_ports [list o_enable_0]]
place_ports clk E15
place_ports i_enable_0 D18
place_ports i_enable_1 E16
place_ports i_enable_2 D17
save_constraints -force
launch_runs impl_1 -jobs 12
WARNING: [Project 1-478] Design 'synth_1' is stale and will not be used when launching 'impl_1'
[Wed Dec 17 21:00:12 2025] Launched impl_1...
Run output will be captured here: C:/WorkPrograms/git-projects/srsRAN_4G/fpga/projects/lte_phy_math/lte_phy_math.runs/impl_1/runme.log
set_property package_pin "" [get_ports [list  i_enable_3]]
set_property OFFCHIP_TERM NONE [get_ports [list {i_data_q_3[6]}]]
set_property PULLTYPE NONE [get_ports [list {i_data_q_3[6]}]]
place_ports {o_data_q_3[1]} Y21
place_ports {o_data_q_3[0]} Y20
place_ports {o_data_q_3[2]} Y16
place_ports {o_data_q_3[3]} Y19
place_ports {o_data_q_3[4]} Y15
place_ports {o_data_q_3[5]} Y18
place_ports {o_data_q_3[6]} Y9
refresh_design
Netlist sorting complete. Time (s): cpu = 00:00:00 ; elapsed = 00:00:00.001 . Memory (MB): peak = 2960.473 ; gain = 0.000
INFO: [Project 1-479] Netlist was created with Vivado 2023.2
INFO: [Project 1-570] Preparing netlist for logic optimization
Parsing XDC File [C:/WorkPrograms/git-projects/srsRAN_4G/fpga/projects/lte_phy_math/lte_phy_math.srcs/constrs_1/new/test.xdc]
CRITICAL WARNING: [Netlist 29-69] Cannot set property 'DONT_TOUCH', because the property does not exist for objects of type 'port'. [C:/WorkPrograms/git-projects/srsRAN_4G/fpga/projects/lte_phy_math/lte_phy_math.srcs/constrs_1/new/test.xdc:31]
Resolution: Modify .xdc or RTL to not set this property or move it to one of the following object types that can accept this property: cell,net
Finished Parsing XDC File [C:/WorkPrograms/git-projects/srsRAN_4G/fpga/projects/lte_phy_math/lte_phy_math.srcs/constrs_1/new/test.xdc]
INFO: [Opt 31-138] Pushed 0 inverter(s) to 0 load pin(s).
reset_run impl_1
reset_run synth_1
launch_runs synth_1 -jobs 12
[Wed Dec 17 21:01:49 2025] Launched synth_1...
Run output will be captured here: C:/WorkPrograms/git-projects/srsRAN_4G/fpga/projects/lte_phy_math/lte_phy_math.runs/synth_1/runme.log
close_design
launch_runs impl_1 -jobs 12
[Wed Dec 17 21:02:56 2025] Launched impl_1...
Run output will be captured here: C:/WorkPrograms/git-projects/srsRAN_4G/fpga/projects/lte_phy_math/lte_phy_math.runs/impl_1/runme.log
open_run impl_1
Netlist sorting complete. Time (s): cpu = 00:00:00 ; elapsed = 00:00:00.001 . Memory (MB): peak = 2960.473 ; gain = 0.000
INFO: [Project 1-479] Netlist was created with Vivado 2023.2
INFO: [Project 1-570] Preparing netlist for logic optimization
Read ShapeDB Complete: Time (s): cpu = 00:00:00 ; elapsed = 00:00:00.005 . Memory (MB): peak = 2960.473 ; gain = 0.000
INFO: [Timing 38-478] Restoring timing data from binary archive.
INFO: [Timing 38-479] Binary timing data restore complete.
INFO: [Project 1-856] Restoring constraints from binary archive.
INFO: [Project 1-853] Binary constraint restore complete.
INFO: [Designutils 20-5722] Start Reading Physical Databases.
Reading placement.
Read Netlist Cache: Time (s): cpu = 00:00:00 ; elapsed = 00:00:00 . Memory (MB): peak = 2960.473 ; gain = 0.000
Reading placer database...
Read Device Cache: Time (s): cpu = 00:00:00 ; elapsed = 00:00:00.014 . Memory (MB): peak = 2960.473 ; gain = 0.000
Read PlaceDB: Time (s): cpu = 00:00:00 ; elapsed = 00:00:00.002 . Memory (MB): peak = 2960.473 ; gain = 0.000
Read PulsedLatchDB: Time (s): cpu = 00:00:00 ; elapsed = 00:00:00 . Memory (MB): peak = 2960.473 ; gain = 0.000
Reading routing.
Read RouteStorage: Time (s): cpu = 00:00:00 ; elapsed = 00:00:00.010 . Memory (MB): peak = 2960.473 ; gain = 0.000
Read Physdb Files: Time (s): cpu = 00:00:00 ; elapsed = 00:00:00.037 . Memory (MB): peak = 2960.473 ; gain = 0.000
Restored from archive | CPU: 0.000000 secs | Memory: 0.000000 MB |
Finished XDEF File Restore: Time (s): cpu = 00:00:00 ; elapsed = 00:00:00.038 . Memory (MB): peak = 2960.473 ; gain = 0.000
Netlist sorting complete. Time (s): cpu = 00:00:00 ; elapsed = 00:00:00 . Memory (MB): peak = 2960.473 ; gain = 0.000
INFO: [Project 1-111] Unisim Transformation Summary:
No Unisim elements were transformed.

WARNING: [Timing 38-313] There are no user specified timing constraints. Timing constraints are needed for proper timing analysis.
report_utilization -hierarchical -hierarchical_depth 5
Copyright 1986-2022 Xilinx, Inc. All Rights Reserved. Copyright 2022-2023 Advanced Micro Devices, Inc. All Rights Reserved.
---------------------------------------------------------------------------------------------------------------------------------------------
| Tool Version : Vivado v.2023.2 (win64) Build 4029153 Fri Oct 13 20:14:34 MDT 2023
| Date         : Wed Dec 17 21:06:48 2025
| Host         : NB-3826 running 64-bit major release  (build 9200)
| Command      : report_utilization -hierarchical -hierarchical_depth 5
| Design       : lte_phy_math
| Device       : xc7z020clg484-1
| Speed File   : -1
| Design State : Routed
---------------------------------------------------------------------------------------------------------------------------------------------

Utilization Design Information

Table of Contents
-----------------
1. Utilization by Hierarchy

1. Utilization by Hierarchy
---------------------------

+--------------+--------+------------+------------+---------+------+-----+--------+--------+------------+
|   Instance   | Module | Total LUTs | Logic LUTs | LUTRAMs | SRLs | FFs | RAMB36 | RAMB18 | DSP Blocks |
+--------------+--------+------------+------------+---------+------+-----+--------+--------+------------+
| lte_phy_math |  (top) |          0 |          0 |       0 |    0 |   0 |      0 |      0 |          0 |
+--------------+--------+------------+------------+---------+------+-----+--------+--------+------------+
* Note: The sum of lower-level cells may be larger than their parent cells total, due to cross-hierarchy LUT combining


reset_run synth_1
launch_runs synth_1 -jobs 12
[Wed Dec 17 21:08:39 2025] Launched synth_1...
Run output will be captured here: C:/WorkPrograms/git-projects/srsRAN_4G/fpga/projects/lte_phy_math/lte_phy_math.runs/synth_1/runme.log
close_design
launch_runs impl_1 -jobs 12
[Wed Dec 17 21:09:38 2025] Launched impl_1...
Run output will be captured here: C:/WorkPrograms/git-projects/srsRAN_4G/fpga/projects/lte_phy_math/lte_phy_math.runs/impl_1/runme.log
open_run impl_1
Netlist sorting complete. Time (s): cpu = 00:00:00 ; elapsed = 00:00:00.001 . Memory (MB): peak = 3007.094 ; gain = 0.000
INFO: [Project 1-479] Netlist was created with Vivado 2023.2
INFO: [Project 1-570] Preparing netlist for logic optimization
Read ShapeDB Complete: Time (s): cpu = 00:00:00 ; elapsed = 00:00:00.003 . Memory (MB): peak = 3007.094 ; gain = 0.000
INFO: [Timing 38-478] Restoring timing data from binary archive.
INFO: [Timing 38-479] Binary timing data restore complete.
INFO: [Project 1-856] Restoring constraints from binary archive.
INFO: [Project 1-853] Binary constraint restore complete.
INFO: [Designutils 20-5722] Start Reading Physical Databases.
Reading placement.
Read Netlist Cache: Time (s): cpu = 00:00:00 ; elapsed = 00:00:00 . Memory (MB): peak = 3007.094 ; gain = 0.000
Reading placer database...
Read Device Cache: Time (s): cpu = 00:00:00 ; elapsed = 00:00:00.013 . Memory (MB): peak = 3007.094 ; gain = 0.000
Read PlaceDB: Time (s): cpu = 00:00:00 ; elapsed = 00:00:00.003 . Memory (MB): peak = 3007.094 ; gain = 0.000
Read PulsedLatchDB: Time (s): cpu = 00:00:00 ; elapsed = 00:00:00 . Memory (MB): peak = 3007.094 ; gain = 0.000
Reading routing.
Read RouteStorage: Time (s): cpu = 00:00:00 ; elapsed = 00:00:00.011 . Memory (MB): peak = 3007.094 ; gain = 0.000
Read Physdb Files: Time (s): cpu = 00:00:00 ; elapsed = 00:00:00.036 . Memory (MB): peak = 3007.094 ; gain = 0.000
Restored from archive | CPU: 0.000000 secs | Memory: 0.000000 MB |
Finished XDEF File Restore: Time (s): cpu = 00:00:00 ; elapsed = 00:00:00.036 . Memory (MB): peak = 3007.094 ; gain = 0.000
Netlist sorting complete. Time (s): cpu = 00:00:00 ; elapsed = 00:00:00 . Memory (MB): peak = 3007.094 ; gain = 0.000
INFO: [Project 1-111] Unisim Transformation Summary:
No Unisim elements were transformed.

WARNING: [Timing 38-313] There are no user specified timing constraints. Timing constraints are needed for proper timing analysis.
reset_run synth_1
launch_runs synth_1 -jobs 12
[Wed Dec 17 21:13:21 2025] Launched synth_1...
Run output will be captured here: C:/WorkPrograms/git-projects/srsRAN_4G/fpga/projects/lte_phy_math/lte_phy_math.runs/synth_1/runme.log
close_design
report_utilization -hierarchical -hierarchical_depth 5
ERROR: [Common 17-53] User Exception: No open design. Please open an elaborated, synthesized or implemented design before executing this command.
report_utilization -hierarchical -hierarchical_depth 5
ERROR: [Common 17-53] User Exception: No open design. Please open an elaborated, synthesized or implemented design before executing this command.
reset_run synth_1
launch_runs synth_1 -jobs 12
[Wed Dec 17 21:19:55 2025] Launched synth_1...
Run output will be captured here: C:/WorkPrograms/git-projects/srsRAN_4G/fpga/projects/lte_phy_math/lte_phy_math.runs/synth_1/runme.log
launch_runs impl_1 -jobs 12
[Wed Dec 17 21:20:55 2025] Launched impl_1...
Run output will be captured here: C:/WorkPrograms/git-projects/srsRAN_4G/fpga/projects/lte_phy_math/lte_phy_math.runs/impl_1/runme.log
reset_run synth_1
launch_runs synth_1 -jobs 12
[Wed Dec 17 21:23:04 2025] Launched synth_1...
Run output will be captured here: C:/WorkPrograms/git-projects/srsRAN_4G/fpga/projects/lte_phy_math/lte_phy_math.runs/synth_1/runme.log
launch_runs impl_1 -jobs 12
[Wed Dec 17 21:24:03 2025] Launched impl_1...
Run output will be captured here: C:/WorkPrograms/git-projects/srsRAN_4G/fpga/projects/lte_phy_math/lte_phy_math.runs/impl_1/runme.log
update_compile_order -fileset sources_1
update_compile_order -fileset sources_1
reset_run synth_1
launch_runs synth_1 -jobs 12
[Wed Dec 17 21:30:14 2025] Launched synth_1...
Run output will be captured here: C:/WorkPrograms/git-projects/srsRAN_4G/fpga/projects/lte_phy_math/lte_phy_math.runs/synth_1/runme.log
launch_runs impl_1 -jobs 12
[Wed Dec 17 21:31:12 2025] Launched impl_1...
Run output will be captured here: C:/WorkPrograms/git-projects/srsRAN_4G/fpga/projects/lte_phy_math/lte_phy_math.runs/impl_1/runme.log
reset_run synth_1
launch_runs impl_1 -jobs 12
[Wed Dec 17 21:34:10 2025] Launched synth_1...
Run output will be captured here: C:/WorkPrograms/git-projects/srsRAN_4G/fpga/projects/lte_phy_math/lte_phy_math.runs/synth_1/runme.log
[Wed Dec 17 21:34:11 2025] Launched impl_1...
Run output will be captured here: C:/WorkPrograms/git-projects/srsRAN_4G/fpga/projects/lte_phy_math/lte_phy_math.runs/impl_1/runme.log
reset_run impl_1
launch_runs impl_1 -jobs 12
[Wed Dec 17 21:34:23 2025] Launched synth_1...
Run output will be captured here: C:/WorkPrograms/git-projects/srsRAN_4G/fpga/projects/lte_phy_math/lte_phy_math.runs/synth_1/runme.log
[Wed Dec 17 21:34:23 2025] Launched impl_1...
Run output will be captured here: C:/WorkPrograms/git-projects/srsRAN_4G/fpga/projects/lte_phy_math/lte_phy_math.runs/impl_1/runme.log
report_utilization -hierarchical -hierarchical_depth 5
ERROR: [Common 17-53] User Exception: No open design. Please open an elaborated, synthesized or implemented design before executing this command.
open_run impl_1
Netlist sorting complete. Time (s): cpu = 00:00:00 ; elapsed = 00:00:00.001 . Memory (MB): peak = 3023.395 ; gain = 0.000
INFO: [Project 1-479] Netlist was created with Vivado 2023.2
INFO: [Project 1-570] Preparing netlist for logic optimization
Read ShapeDB Complete: Time (s): cpu = 00:00:00 ; elapsed = 00:00:00.002 . Memory (MB): peak = 3023.395 ; gain = 0.000
INFO: [Timing 38-478] Restoring timing data from binary archive.
INFO: [Timing 38-479] Binary timing data restore complete.
INFO: [Project 1-856] Restoring constraints from binary archive.
INFO: [Project 1-853] Binary constraint restore complete.
INFO: [Designutils 20-5722] Start Reading Physical Databases.
Reading placement.
Read Netlist Cache: Time (s): cpu = 00:00:00 ; elapsed = 00:00:00.001 . Memory (MB): peak = 3023.395 ; gain = 0.000
Reading placer database...
Read Device Cache: Time (s): cpu = 00:00:00 ; elapsed = 00:00:00.013 . Memory (MB): peak = 3023.395 ; gain = 0.000
Read PlaceDB: Time (s): cpu = 00:00:00 ; elapsed = 00:00:00.002 . Memory (MB): peak = 3023.395 ; gain = 0.000
Read PulsedLatchDB: Time (s): cpu = 00:00:00 ; elapsed = 00:00:00 . Memory (MB): peak = 3023.395 ; gain = 0.000
Reading routing.
Read RouteStorage: Time (s): cpu = 00:00:00 ; elapsed = 00:00:00.009 . Memory (MB): peak = 3023.395 ; gain = 0.000
Read Physdb Files: Time (s): cpu = 00:00:00 ; elapsed = 00:00:00.036 . Memory (MB): peak = 3023.395 ; gain = 0.000
Restored from archive | CPU: 0.000000 secs | Memory: 0.000000 MB |
Finished XDEF File Restore: Time (s): cpu = 00:00:00 ; elapsed = 00:00:00.036 . Memory (MB): peak = 3023.395 ; gain = 0.000
Netlist sorting complete. Time (s): cpu = 00:00:00 ; elapsed = 00:00:00 . Memory (MB): peak = 3023.395 ; gain = 0.000
INFO: [Project 1-111] Unisim Transformation Summary:
No Unisim elements were transformed.

WARNING: [Timing 38-313] There are no user specified timing constraints. Timing constraints are needed for proper timing analysis.
open_run impl_1
Netlist sorting complete. Time (s): cpu = 00:00:00 ; elapsed = 00:00:00 . Memory (MB): peak = 3023.395 ; gain = 0.000
INFO: [Project 1-479] Netlist was created with Vivado 2023.2
INFO: [Project 1-570] Preparing netlist for logic optimization
Read ShapeDB Complete: Time (s): cpu = 00:00:00 ; elapsed = 00:00:00.002 . Memory (MB): peak = 3023.395 ; gain = 0.000
INFO: [Timing 38-478] Restoring timing data from binary archive.
INFO: [Timing 38-479] Binary timing data restore complete.
INFO: [Project 1-856] Restoring constraints from binary archive.
INFO: [Project 1-853] Binary constraint restore complete.
INFO: [Designutils 20-5722] Start Reading Physical Databases.
Reading placement.
Read Netlist Cache: Time (s): cpu = 00:00:00 ; elapsed = 00:00:00 . Memory (MB): peak = 3023.395 ; gain = 0.000
Reading placer database...
Read Device Cache: Time (s): cpu = 00:00:00 ; elapsed = 00:00:00.015 . Memory (MB): peak = 3023.395 ; gain = 0.000
Read PlaceDB: Time (s): cpu = 00:00:00 ; elapsed = 00:00:00.001 . Memory (MB): peak = 3023.395 ; gain = 0.000
Read PulsedLatchDB: Time (s): cpu = 00:00:00 ; elapsed = 00:00:00 . Memory (MB): peak = 3023.395 ; gain = 0.000
Reading routing.
Read RouteStorage: Time (s): cpu = 00:00:00 ; elapsed = 00:00:00.007 . Memory (MB): peak = 3023.395 ; gain = 0.000
Read Physdb Files: Time (s): cpu = 00:00:00 ; elapsed = 00:00:00.035 . Memory (MB): peak = 3023.395 ; gain = 0.000
Restored from archive | CPU: 0.000000 secs | Memory: 0.000000 MB |
Finished XDEF File Restore: Time (s): cpu = 00:00:00 ; elapsed = 00:00:00.035 . Memory (MB): peak = 3023.395 ; gain = 0.000
Netlist sorting complete. Time (s): cpu = 00:00:00 ; elapsed = 00:00:00 . Memory (MB): peak = 3023.395 ; gain = 0.000
INFO: [Project 1-111] Unisim Transformation Summary:
No Unisim elements were transformed.

impl_1
report_utilization -hierarchical -hierarchical_depth 5
Copyright 1986-2022 Xilinx, Inc. All Rights Reserved. Copyright 2022-2023 Advanced Micro Devices, Inc. All Rights Reserved.
---------------------------------------------------------------------------------------------------------------------------------------------
| Tool Version : Vivado v.2023.2 (win64) Build 4029153 Fri Oct 13 20:14:34 MDT 2023
| Date         : Wed Dec 17 21:38:13 2025
| Host         : NB-3826 running 64-bit major release  (build 9200)
| Command      : report_utilization -hierarchical -hierarchical_depth 5
| Design       : lte_phy_math
| Device       : xc7z020clg484-1
| Speed File   : -1
| Design State : Routed
---------------------------------------------------------------------------------------------------------------------------------------------

Utilization Design Information

Table of Contents
-----------------
1. Utilization by Hierarchy

1. Utilization by Hierarchy
---------------------------

+-----------------------+-------------------+------------+------------+---------+------+-----+--------+--------+------------+
|        Instance       |       Module      | Total LUTs | Logic LUTs | LUTRAMs | SRLs | FFs | RAMB36 | RAMB18 | DSP Blocks |
+-----------------------+-------------------+------------+------------+---------+------+-----+--------+--------+------------+
| lte_phy_math          |             (top) |          1 |          1 |       0 |    0 |   1 |      0 |      0 |          0 |
|   (lte_phy_math)      |             (top) |          1 |          1 |       0 |    0 |   1 |      0 |      0 |          0 |
|   u_math_complex_corr | math_complex_corr |          0 |          0 |       0 |    0 |   0 |      0 |      0 |          0 |
+-----------------------+-------------------+------------+------------+---------+------+-----+--------+--------+------------+
* Note: The sum of lower-level cells may be larger than their parent cells total, due to cross-hierarchy LUT combining


reset_run synth_1
launch_runs synth_1 -jobs 12
[Wed Dec 17 21:42:36 2025] Launched synth_1...
Run output will be captured here: C:/WorkPrograms/git-projects/srsRAN_4G/fpga/projects/lte_phy_math/lte_phy_math.runs/synth_1/runme.log
close_design
launch_runs impl_1 -jobs 12
[Wed Dec 17 21:43:34 2025] Launched impl_1...
Run output will be captured here: C:/WorkPrograms/git-projects/srsRAN_4G/fpga/projects/lte_phy_math/lte_phy_math.runs/impl_1/runme.log
export_ip_user_files -of_objects  [get_files C:/WorkPrograms/git-projects/srsRAN_4G/fpga/projects/lte_phy_math/math/math_iq_xcorr.sv] -no_script -reset -force -quiet
remove_files  C:/WorkPrograms/git-projects/srsRAN_4G/fpga/projects/lte_phy_math/math/math_iq_xcorr.sv
set_property top math_complex_corr [current_fileset]
reset_run synth_1
launch_runs synth_1 -jobs 12
[Wed Dec 17 21:48:34 2025] Launched synth_1...
Run output will be captured here: C:/WorkPrograms/git-projects/srsRAN_4G/fpga/projects/lte_phy_math/lte_phy_math.runs/synth_1/runme.log
set_property top lte_phy_math [current_fileset]
update_compile_order -fileset sources_1
create_fileset -blockset -define_from math_complex_corr math_complex_corr
CRITICAL WARNING: [filemgmt 20-1744] Instance u_math_complex_corr of module math_complex_corr uses one or more parameters. To synthesize as an out-of-context module, parameter values need to be defined in the module definition and removed from the instantiation. There is no way to define different parameter values for different instances of an out-of-context module. [C:/WorkPrograms/git-projects/srsRAN_4G/fpga/projects/lte_phy_math/lte_phy_math.sv:124]
ERROR: [Vivado 12-3491] One or more instances of the module 'math_complex_corr' are incompatible with out-of-context synthesis. See warnings for further details and possible resolution.
create_fileset -blockset -define_from math_complex_corr math_complex_corr
CRITICAL WARNING: [filemgmt 20-1744] Instance u_math_complex_corr of module math_complex_corr uses one or more parameters. To synthesize as an out-of-context module, parameter values need to be defined in the module definition and removed from the instantiation. There is no way to define different parameter values for different instances of an out-of-context module. [C:/WorkPrograms/git-projects/srsRAN_4G/fpga/projects/lte_phy_math/lte_phy_math.sv:124]
ERROR: [Vivado 12-3491] One or more instances of the module 'math_complex_corr' are incompatible with out-of-context synthesis. See warnings for further details and possible resolution.
create_fileset -blockset -define_from math_complex_corr math_complex_corr
CRITICAL WARNING: [filemgmt 20-1744] Instance u_math_complex_corr of module math_complex_corr uses one or more parameters. To synthesize as an out-of-context module, parameter values need to be defined in the module definition and removed from the instantiation. There is no way to define different parameter values for different instances of an out-of-context module. [C:/WorkPrograms/git-projects/srsRAN_4G/fpga/projects/lte_phy_math/lte_phy_math.sv:124]
ERROR: [Vivado 12-3491] One or more instances of the module 'math_complex_corr' are incompatible with out-of-context synthesis. See warnings for further details and possible resolution.
create_fileset -blockset -define_from math_complex_corr math_complex_corr
CRITICAL WARNING: [filemgmt 20-1744] Instance u_math_complex_corr of module math_complex_corr uses one or more parameters. To synthesize as an out-of-context module, parameter values need to be defined in the module definition and removed from the instantiation. There is no way to define different parameter values for different instances of an out-of-context module. [C:/WorkPrograms/git-projects/srsRAN_4G/fpga/projects/lte_phy_math/lte_phy_math.sv:124]
ERROR: [Vivado 12-3491] One or more instances of the module 'math_complex_corr' are incompatible with out-of-context synthesis. See warnings for further details and possible resolution.
create_fileset -blockset -define_from math_complex_corr math_complex_corr
CRITICAL WARNING: [filemgmt 20-1744] Instance u_math_complex_corr of module math_complex_corr uses one or more parameters. To synthesize as an out-of-context module, parameter values need to be defined in the module definition and removed from the instantiation. There is no way to define different parameter values for different instances of an out-of-context module. [C:/WorkPrograms/git-projects/srsRAN_4G/fpga/projects/lte_phy_math/lte_phy_math.sv:124]
ERROR: [Vivado 12-3491] One or more instances of the module 'math_complex_corr' are incompatible with out-of-context synthesis. See warnings for further details and possible resolution.
create_fileset -blockset -define_from math_complex_corr math_complex_corr
CRITICAL WARNING: [filemgmt 20-1744] Instance u_math_complex_corr of module math_complex_corr uses one or more parameters. To synthesize as an out-of-context module, parameter values need to be defined in the module definition and removed from the instantiation. There is no way to define different parameter values for different instances of an out-of-context module. [C:/WorkPrograms/git-projects/srsRAN_4G/fpga/projects/lte_phy_math/lte_phy_math.sv:124]
ERROR: [Vivado 12-3491] One or more instances of the module 'math_complex_corr' are incompatible with out-of-context synthesis. See warnings for further details and possible resolution.
create_fileset -blockset -define_from math_complex_corr math_complex_corr
CRITICAL WARNING: [filemgmt 20-1744] Instance u_math_complex_corr of module math_complex_corr uses one or more parameters. To synthesize as an out-of-context module, parameter values need to be defined in the module definition and removed from the instantiation. There is no way to define different parameter values for different instances of an out-of-context module. [C:/WorkPrograms/git-projects/srsRAN_4G/fpga/projects/lte_phy_math/lte_phy_math.sv:124]
ERROR: [Vivado 12-3491] One or more instances of the module 'math_complex_corr' are incompatible with out-of-context synthesis. See warnings for further details and possible resolution.
create_fileset -blockset -define_from math_complex_corr math_complex_corr
CRITICAL WARNING: [filemgmt 20-1744] Instance u_math_complex_corr of module math_complex_corr uses one or more parameters. To synthesize as an out-of-context module, parameter values need to be defined in the module definition and removed from the instantiation. There is no way to define different parameter values for different instances of an out-of-context module. [C:/WorkPrograms/git-projects/srsRAN_4G/fpga/projects/lte_phy_math/lte_phy_math.sv:124]
ERROR: [Vivado 12-3491] One or more instances of the module 'math_complex_corr' are incompatible with out-of-context synthesis. See warnings for further details and possible resolution.
create_fileset -blockset -define_from math_complex_corr math_complex_corr
CRITICAL WARNING: [filemgmt 20-1744] Instance u_math_complex_corr of module math_complex_corr uses one or more parameters. To synthesize as an out-of-context module, parameter values need to be defined in the module definition and removed from the instantiation. There is no way to define different parameter values for different instances of an out-of-context module. [C:/WorkPrograms/git-projects/srsRAN_4G/fpga/projects/lte_phy_math/lte_phy_math.sv:124]
ERROR: [Vivado 12-3491] One or more instances of the module 'math_complex_corr' are incompatible with out-of-context synthesis. See warnings for further details and possible resolution.
WARNING: [filemgmt 56-199] Attempt to get parsing info during refresh. "On-the-fly" syntax checking information may be incorrect. [C:\WorkPrograms\git-projects\srsRAN_4G\fpga\projects\lte_phy_math\math\math_complex_corr.sv:]
WARNING: [filemgmt 56-199] Attempt to get parsing info during refresh. "On-the-fly" syntax checking information may be incorrect. [C:\WorkPrograms\git-projects\srsRAN_4G\fpga\projects\lte_phy_math\lte_phy_math.sv:]
ERROR: [Common 17-180] Spawn failed: No error
create_fileset -blockset -define_from math_complex_corr math_complex_corr
CRITICAL WARNING: [filemgmt 20-1744] Instance u_math_complex_corr of module math_complex_corr uses one or more parameters. To synthesize as an out-of-context module, parameter values need to be defined in the module definition and removed from the instantiation. There is no way to define different parameter values for different instances of an out-of-context module. [C:/WorkPrograms/git-projects/srsRAN_4G/fpga/projects/lte_phy_math/lte_phy_math.sv:122]
ERROR: [Vivado 12-3491] One or more instances of the module 'math_complex_corr' are incompatible with out-of-context synthesis. See warnings for further details and possible resolution.
create_fileset -blockset -define_from math_complex_corr math_complex_corr
CRITICAL WARNING: [filemgmt 20-1744] Instance u_math_complex_corr of module math_complex_corr uses one or more parameters. To synthesize as an out-of-context module, parameter values need to be defined in the module definition and removed from the instantiation. There is no way to define different parameter values for different instances of an out-of-context module. [C:/WorkPrograms/git-projects/srsRAN_4G/fpga/projects/lte_phy_math/lte_phy_math.sv:122]
ERROR: [Vivado 12-3491] One or more instances of the module 'math_complex_corr' are incompatible with out-of-context synthesis. See warnings for further details and possible resolution.
create_fileset -blockset -define_from math_complex_corr math_complex_corr
CRITICAL WARNING: [filemgmt 20-1744] Instance u_math_complex_corr of module math_complex_corr uses one or more parameters. To synthesize as an out-of-context module, parameter values need to be defined in the module definition and removed from the instantiation. There is no way to define different parameter values for different instances of an out-of-context module. [C:/WorkPrograms/git-projects/srsRAN_4G/fpga/projects/lte_phy_math/lte_phy_math.sv:122]
ERROR: [Vivado 12-3491] One or more instances of the module 'math_complex_corr' are incompatible with out-of-context synthesis. See warnings for further details and possible resolution.
create_fileset -blockset -define_from math_complex_corr math_complex_corr
CRITICAL WARNING: [filemgmt 20-1744] Instance u_math_complex_corr of module math_complex_corr uses one or more parameters. To synthesize as an out-of-context module, parameter values need to be defined in the module definition and removed from the instantiation. There is no way to define different parameter values for different instances of an out-of-context module. [C:/WorkPrograms/git-projects/srsRAN_4G/fpga/projects/lte_phy_math/lte_phy_math.sv:122]
ERROR: [Vivado 12-3491] One or more instances of the module 'math_complex_corr' are incompatible with out-of-context synthesis. See warnings for further details and possible resolution.
create_fileset -blockset -define_from math_complex_corr math_complex_corr
CRITICAL WARNING: [filemgmt 20-1744] Instance u_math_complex_corr of module math_complex_corr uses one or more parameters. To synthesize as an out-of-context module, parameter values need to be defined in the module definition and removed from the instantiation. There is no way to define different parameter values for different instances of an out-of-context module. [C:/WorkPrograms/git-projects/srsRAN_4G/fpga/projects/lte_phy_math/lte_phy_math.sv:122]
ERROR: [Vivado 12-3491] One or more instances of the module 'math_complex_corr' are incompatible with out-of-context synthesis. See warnings for further details and possible resolution.
create_fileset -blockset -define_from math_fma_macro math_fma_macro
INFO: [Vivado 12-2924] Moving file 'C:/WorkPrograms/git-projects/srsRAN_4G/fpga/projects/lte_phy_math/math/math_fma_macro.sv' from fileset 'sources_1' to fileset 'math_fma_macro'.
file mkdir C:/WorkPrograms/git-projects/srsRAN_4G/fpga/projects/lte_phy_math/lte_phy_math.srcs/math_fma_macro/new
close [ open C:/WorkPrograms/git-projects/srsRAN_4G/fpga/projects/lte_phy_math/lte_phy_math.srcs/math_fma_macro/new/math_fma_macro_ooc.xdc w ]
add_files -fileset math_fma_macro C:/WorkPrograms/git-projects/srsRAN_4G/fpga/projects/lte_phy_math/lte_phy_math.srcs/math_fma_macro/new/math_fma_macro_ooc.xdc
set data {# (c) Copyright 2014 Xilinx, Inc. All rights reserved.

# Add in a clock definition for each input clock to the out-of-context module.
# The module will be synthesized as top so reference the clock origin using get_ports.
# You will need to define a clock on each input clock port, no top level clock information
# is provided to the module when set as out-of-context.
# Here is an example:
# create_clock -name clk_200 -period 5 [get_ports clk]
}
# (c) Copyright 2014 Xilinx, Inc. All rights reserved.

# Add in a clock definition for each input clock to the out-of-context module.
# The module will be synthesized as top so reference the clock origin using get_ports.
# You will need to define a clock on each input clock port, no top level clock information
# is provided to the module when set as out-of-context.
# Here is an example:
# create_clock -name clk_200 -period 5 [get_ports clk]
set filename "C:/WorkPrograms/git-projects/srsRAN_4G/fpga/projects/lte_phy_math/lte_phy_math.srcs/math_fma_macro/new/math_fma_macro_ooc.xdc"
C:/WorkPrograms/git-projects/srsRAN_4G/fpga/projects/lte_phy_math/lte_phy_math.srcs/math_fma_macro/new/math_fma_macro_ooc.xdc
set fileId [open $filename "w"]
file11cbe8a18d0
puts -nonewline $fileId $data
close $fileId
set_property USED_IN {out_of_context synthesis implementation}  [get_files  C:/WorkPrograms/git-projects/srsRAN_4G/fpga/projects/lte_phy_math/lte_phy_math.srcs/math_fma_macro/new/math_fma_macro_ooc.xdc]
launch_runs math_fma_macro_synth_1 -jobs 12
[Wed Dec 17 22:04:57 2025] Launched math_fma_macro_synth_1...
Run output will be captured here: C:/WorkPrograms/git-projects/srsRAN_4G/fpga/projects/lte_phy_math/lte_phy_math.runs/math_fma_macro_synth_1/runme.log
delete_fileset [get_filesets math_fma_macro] -merge [current_fileset]
INFO: [Project 1-386] Moving file 'C:/WorkPrograms/git-projects/srsRAN_4G/fpga/projects/lte_phy_math/math/math_fma_macro.sv' from fileset 'math_fma_macro' to fileset 'sources_1'.
INFO: [Project 1-386] Moving file 'C:/WorkPrograms/git-projects/srsRAN_4G/fpga/projects/lte_phy_math/lte_phy_math.srcs/math_fma_macro/new/math_fma_macro_ooc.xdc' from fileset 'math_fma_macro' to fileset 'sources_1'.
export_ip_user_files -of_objects  [get_files C:/WorkPrograms/git-projects/srsRAN_4G/fpga/projects/lte_phy_math/lte_phy_math.srcs/math_fma_macro/new/math_fma_macro_ooc.xdc] -no_script -reset -force -quiet
remove_files  C:/WorkPrograms/git-projects/srsRAN_4G/fpga/projects/lte_phy_math/lte_phy_math.srcs/math_fma_macro/new/math_fma_macro_ooc.xdc
export_ip_user_files -of_objects  [get_files C:/WorkPrograms/git-projects/srsRAN_4G/fpga/projects/lte_phy_math/lte_phy_math.srcs/constrs_1/new/test.xdc] -no_script -reset -force -quiet
remove_files  -fileset constrs_1 C:/WorkPrograms/git-projects/srsRAN_4G/fpga/projects/lte_phy_math/lte_phy_math.srcs/constrs_1/new/test.xdc
remove_files  C:/WorkPrograms/git-projects/srsRAN_4G/fpga/projects/lte_phy_math/lte_phy_math.srcs/math_fma_macro/new/math_fma_macro_ooc.xdc
WARNING: [Vivado 12-818] No files matched 'C:/WorkPrograms/git-projects/srsRAN_4G/fpga/projects/lte_phy_math/lte_phy_math.srcs/math_fma_macro/new/math_fma_macro_ooc.xdc'
create_fileset -blockset -define_from math_complex_corr math_complex_corr
CRITICAL WARNING: [filemgmt 20-1744] Instance u_math_complex_corr of module math_complex_corr uses one or more parameters. To synthesize as an out-of-context module, parameter values need to be defined in the module definition and removed from the instantiation. There is no way to define different parameter values for different instances of an out-of-context module. [C:/WorkPrograms/git-projects/srsRAN_4G/fpga/projects/lte_phy_math/lte_phy_math.sv:122]
ERROR: [Vivado 12-3491] One or more instances of the module 'math_complex_corr' are incompatible with out-of-context synthesis. See warnings for further details and possible resolution.
create_fileset -blockset -define_from math_fma_macro math_fma_macro
INFO: [Vivado 12-2924] Moving file 'C:/WorkPrograms/git-projects/srsRAN_4G/fpga/projects/lte_phy_math/math/math_fma_macro.sv' from fileset 'sources_1' to fileset 'math_fma_macro'.
close [ open C:/WorkPrograms/git-projects/srsRAN_4G/fpga/projects/lte_phy_math/lte_phy_math.srcs/math_fma_macro/new/math_fma_macro_ooc.xdc w ]
add_files -fileset math_fma_macro C:/WorkPrograms/git-projects/srsRAN_4G/fpga/projects/lte_phy_math/lte_phy_math.srcs/math_fma_macro/new/math_fma_macro_ooc.xdc
set data {# (c) Copyright 2014 Xilinx, Inc. All rights reserved.

# Add in a clock definition for each input clock to the out-of-context module.
# The module will be synthesized as top so reference the clock origin using get_ports.
# You will need to define a clock on each input clock port, no top level clock information
# is provided to the module when set as out-of-context.
# Here is an example:
# create_clock -name clk_200 -period 5 [get_ports clk]
}
# (c) Copyright 2014 Xilinx, Inc. All rights reserved.

# Add in a clock definition for each input clock to the out-of-context module.
# The module will be synthesized as top so reference the clock origin using get_ports.
# You will need to define a clock on each input clock port, no top level clock information
# is provided to the module when set as out-of-context.
# Here is an example:
# create_clock -name clk_200 -period 5 [get_ports clk]
set filename "C:/WorkPrograms/git-projects/srsRAN_4G/fpga/projects/lte_phy_math/lte_phy_math.srcs/math_fma_macro/new/math_fma_macro_ooc.xdc"
C:/WorkPrograms/git-projects/srsRAN_4G/fpga/projects/lte_phy_math/lte_phy_math.srcs/math_fma_macro/new/math_fma_macro_ooc.xdc
set fileId [open $filename "w"]
file11d0be52520
puts -nonewline $fileId $data
close $fileId
set_property USED_IN {out_of_context synthesis implementation}  [get_files  C:/WorkPrograms/git-projects/srsRAN_4G/fpga/projects/lte_phy_math/lte_phy_math.srcs/math_fma_macro/new/math_fma_macro_ooc.xdc]
launch_runs math_fma_macro_synth_1 -jobs 12
[Wed Dec 17 22:13:17 2025] Launched math_fma_macro_synth_1...
Run output will be captured here: C:/WorkPrograms/git-projects/srsRAN_4G/fpga/projects/lte_phy_math/lte_phy_math.runs/math_fma_macro_synth_1/runme.log
update_compile_order -fileset sources_1
update_compile_order -fileset sources_1
delete_fileset [get_filesets math_fma_macro] -merge [current_fileset]
INFO: [Project 1-386] Moving file 'C:/WorkPrograms/git-projects/srsRAN_4G/fpga/projects/lte_phy_math/math/math_fma_macro.sv' from fileset 'math_fma_macro' to fileset 'sources_1'.
INFO: [Project 1-386] Moving file 'C:/WorkPrograms/git-projects/srsRAN_4G/fpga/projects/lte_phy_math/lte_phy_math.srcs/math_fma_macro/new/math_fma_macro_ooc.xdc' from fileset 'math_fma_macro' to fileset 'sources_1'.
create_fileset -blockset -define_from math_fma_macro math_fma_macro
CRITICAL WARNING: [filemgmt 20-1744] Instance u_math_fma_macro_i1_i2 of module math_fma_macro uses one or more parameters. To synthesize as an out-of-context module, parameter values need to be defined in the module definition and removed from the instantiation. There is no way to define different parameter values for different instances of an out-of-context module. [C:/WorkPrograms/git-projects/srsRAN_4G/fpga/projects/lte_phy_math/math/math_complex_corr.sv:57]
CRITICAL WARNING: [filemgmt 20-1744] Instance u_math_fma_macro_q1_q2 of module math_fma_macro uses one or more parameters. To synthesize as an out-of-context module, parameter values need to be defined in the module definition and removed from the instantiation. There is no way to define different parameter values for different instances of an out-of-context module. [C:/WorkPrograms/git-projects/srsRAN_4G/fpga/projects/lte_phy_math/math/math_complex_corr.sv:81]
CRITICAL WARNING: [filemgmt 20-1744] Instance u_math_fma_macro_i1_q2 of module math_fma_macro uses one or more parameters. To synthesize as an out-of-context module, parameter values need to be defined in the module definition and removed from the instantiation. There is no way to define different parameter values for different instances of an out-of-context module. [C:/WorkPrograms/git-projects/srsRAN_4G/fpga/projects/lte_phy_math/math/math_complex_corr.sv:101]
CRITICAL WARNING: [filemgmt 20-1744] Instance u_math_fma_macro_q1_i2 of module math_fma_macro uses one or more parameters. To synthesize as an out-of-context module, parameter values need to be defined in the module definition and removed from the instantiation. There is no way to define different parameter values for different instances of an out-of-context module. [C:/WorkPrograms/git-projects/srsRAN_4G/fpga/projects/lte_phy_math/math/math_complex_corr.sv:121]
ERROR: [Vivado 12-3491] One or more instances of the module 'math_fma_macro' are incompatible with out-of-context synthesis. See warnings for further details and possible resolution.
WARNING: [filemgmt 56-199] Attempt to get parsing info during refresh. "On-the-fly" syntax checking information may be incorrect. [C:\WorkPrograms\git-projects\srsRAN_4G\fpga\projects\lte_phy_math\math\math_complex_corr.sv:]
WARNING: [filemgmt 56-199] Attempt to get parsing info during refresh. "On-the-fly" syntax checking information may be incorrect. [C:\WorkPrograms\git-projects\srsRAN_4G\fpga\projects\lte_phy_math\math\math_fma_macro.sv:]
ERROR: [Common 17-180] Spawn failed: No error
WARNING: [filemgmt 56-199] Attempt to get parsing info during refresh. "On-the-fly" syntax checking information may be incorrect. [C:\WorkPrograms\git-projects\srsRAN_4G\fpga\projects\lte_phy_math\math\math_complex_corr.sv:]
WARNING: [filemgmt 56-199] Attempt to get parsing info during refresh. "On-the-fly" syntax checking information may be incorrect. [C:\WorkPrograms\git-projects\srsRAN_4G\fpga\projects\lte_phy_math\math\math_fma_macro.sv:]
ERROR: [Common 17-180] Spawn failed: No error
WARNING: [filemgmt 56-199] Attempt to get parsing info during refresh. "On-the-fly" syntax checking information may be incorrect. [C:\WorkPrograms\git-projects\srsRAN_4G\fpga\projects\lte_phy_math\math\math_complex_corr.sv:]
WARNING: [filemgmt 56-199] Attempt to get parsing info during refresh. "On-the-fly" syntax checking information may be incorrect. [C:\WorkPrograms\git-projects\srsRAN_4G\fpga\projects\lte_phy_math\math\math_fma_macro.sv:]
ERROR: [Common 17-180] Spawn failed: No error
WARNING: [filemgmt 56-199] Attempt to get parsing info during refresh. "On-the-fly" syntax checking information may be incorrect. [C:\WorkPrograms\git-projects\srsRAN_4G\fpga\projects\lte_phy_math\math\math_complex_corr.sv:]
WARNING: [filemgmt 56-199] Attempt to get parsing info during refresh. "On-the-fly" syntax checking information may be incorrect. [C:\WorkPrograms\git-projects\srsRAN_4G\fpga\projects\lte_phy_math\math\math_fma_macro.sv:]
ERROR: [Common 17-180] Spawn failed: No error
WARNING: [filemgmt 56-199] Attempt to get parsing info during refresh. "On-the-fly" syntax checking information may be incorrect. [C:\WorkPrograms\git-projects\srsRAN_4G\fpga\projects\lte_phy_math\math\math_complex_corr.sv:]
WARNING: [filemgmt 56-199] Attempt to get parsing info during refresh. "On-the-fly" syntax checking information may be incorrect. [C:\WorkPrograms\git-projects\srsRAN_4G\fpga\projects\lte_phy_math\math\math_fma_macro.sv:]
ERROR: [Common 17-180] Spawn failed: No error
WARNING: [filemgmt 56-199] Attempt to get parsing info during refresh. "On-the-fly" syntax checking information may be incorrect. [C:\WorkPrograms\git-projects\srsRAN_4G\fpga\projects\lte_phy_math\math\math_complex_corr.sv:]
WARNING: [filemgmt 56-199] Attempt to get parsing info during refresh. "On-the-fly" syntax checking information may be incorrect. [C:\WorkPrograms\git-projects\srsRAN_4G\fpga\projects\lte_phy_math\math\math_fma_macro.sv:]
ERROR: [Common 17-180] Spawn failed: No error
WARNING: [filemgmt 56-199] Attempt to get parsing info during refresh. "On-the-fly" syntax checking information may be incorrect. [C:\WorkPrograms\git-projects\srsRAN_4G\fpga\projects\lte_phy_math\math\math_complex_corr.sv:]
WARNING: [filemgmt 56-199] Attempt to get parsing info during refresh. "On-the-fly" syntax checking information may be incorrect. [C:\WorkPrograms\git-projects\srsRAN_4G\fpga\projects\lte_phy_math\math\math_fma_macro.sv:]
ERROR: [Common 17-180] Spawn failed: No error
WARNING: [filemgmt 56-199] Attempt to get parsing info during refresh. "On-the-fly" syntax checking information may be incorrect. [C:\WorkPrograms\git-projects\srsRAN_4G\fpga\projects\lte_phy_math\math\math_complex_corr.sv:]
WARNING: [filemgmt 56-199] Attempt to get parsing info during refresh. "On-the-fly" syntax checking information may be incorrect. [C:\WorkPrograms\git-projects\srsRAN_4G\fpga\projects\lte_phy_math\math\math_fma_macro.sv:]
ERROR: [Common 17-180] Spawn failed: No error
WARNING: [filemgmt 56-199] Attempt to get parsing info during refresh. "On-the-fly" syntax checking information may be incorrect. [C:\WorkPrograms\git-projects\srsRAN_4G\fpga\projects\lte_phy_math\math\math_complex_corr.sv:]
WARNING: [filemgmt 56-199] Attempt to get parsing info during refresh. "On-the-fly" syntax checking information may be incorrect. [C:\WorkPrograms\git-projects\srsRAN_4G\fpga\projects\lte_phy_math\math\math_fma_macro.sv:]
ERROR: [Common 17-180] Spawn failed: No error
WARNING: [filemgmt 56-199] Attempt to get parsing info during refresh. "On-the-fly" syntax checking information may be incorrect. [C:\WorkPrograms\git-projects\srsRAN_4G\fpga\projects\lte_phy_math\math\math_complex_corr.sv:]
WARNING: [filemgmt 56-199] Attempt to get parsing info during refresh. "On-the-fly" syntax checking information may be incorrect. [C:\WorkPrograms\git-projects\srsRAN_4G\fpga\projects\lte_phy_math\math\math_fma_macro.sv:]
ERROR: [Common 17-180] Spawn failed: No error
WARNING: [filemgmt 56-199] Attempt to get parsing info during refresh. "On-the-fly" syntax checking information may be incorrect. [C:\WorkPrograms\git-projects\srsRAN_4G\fpga\projects\lte_phy_math\math\math_complex_corr.sv:]
WARNING: [filemgmt 56-199] Attempt to get parsing info during refresh. "On-the-fly" syntax checking information may be incorrect. [C:\WorkPrograms\git-projects\srsRAN_4G\fpga\projects\lte_phy_math\math\math_fma_macro.sv:]
ERROR: [Common 17-180] Spawn failed: No error
WARNING: [filemgmt 56-199] Attempt to get parsing info during refresh. "On-the-fly" syntax checking information may be incorrect. [C:\WorkPrograms\git-projects\srsRAN_4G\fpga\projects\lte_phy_math\math\math_complex_corr.sv:]
WARNING: [filemgmt 56-199] Attempt to get parsing info during refresh. "On-the-fly" syntax checking information may be incorrect. [C:\WorkPrograms\git-projects\srsRAN_4G\fpga\projects\lte_phy_math\math\math_fma_macro.sv:]
ERROR: [Common 17-180] Spawn failed: No error
WARNING: [filemgmt 56-199] Attempt to get parsing info during refresh. "On-the-fly" syntax checking information may be incorrect. [C:\WorkPrograms\git-projects\srsRAN_4G\fpga\projects\lte_phy_math\math\math_complex_corr.sv:]
WARNING: [filemgmt 56-199] Attempt to get parsing info during refresh. "On-the-fly" syntax checking information may be incorrect. [C:\WorkPrograms\git-projects\srsRAN_4G\fpga\projects\lte_phy_math\math\math_fma_macro.sv:]
ERROR: [Common 17-180] Spawn failed: No error
WARNING: [filemgmt 56-199] Attempt to get parsing info during refresh. "On-the-fly" syntax checking information may be incorrect. [C:\WorkPrograms\git-projects\srsRAN_4G\fpga\projects\lte_phy_math\math\math_complex_corr.sv:]
WARNING: [filemgmt 56-199] Attempt to get parsing info during refresh. "On-the-fly" syntax checking information may be incorrect. [C:\WorkPrograms\git-projects\srsRAN_4G\fpga\projects\lte_phy_math\math\math_fma_macro.sv:]
ERROR: [Common 17-180] Spawn failed: No error
WARNING: [filemgmt 56-199] Attempt to get parsing info during refresh. "On-the-fly" syntax checking information may be incorrect. [C:\WorkPrograms\git-projects\srsRAN_4G\fpga\projects\lte_phy_math\math\math_complex_corr.sv:]
WARNING: [filemgmt 56-199] Attempt to get parsing info during refresh. "On-the-fly" syntax checking information may be incorrect. [C:\WorkPrograms\git-projects\srsRAN_4G\fpga\projects\lte_phy_math\math\math_fma_macro.sv:]
ERROR: [Common 17-180] Spawn failed: No error
WARNING: [filemgmt 56-199] Attempt to get parsing info during refresh. "On-the-fly" syntax checking information may be incorrect. [C:\WorkPrograms\git-projects\srsRAN_4G\fpga\projects\lte_phy_math\math\math_complex_corr.sv:]
WARNING: [filemgmt 56-199] Attempt to get parsing info during refresh. "On-the-fly" syntax checking information may be incorrect. [C:\WorkPrograms\git-projects\srsRAN_4G\fpga\projects\lte_phy_math\math\math_fma_macro.sv:]
ERROR: [Common 17-180] Spawn failed: No error
WARNING: [filemgmt 56-199] Attempt to get parsing info during refresh. "On-the-fly" syntax checking information may be incorrect. [C:\WorkPrograms\git-projects\srsRAN_4G\fpga\projects\lte_phy_math\math\math_complex_corr.sv:]
WARNING: [filemgmt 56-199] Attempt to get parsing info during refresh. "On-the-fly" syntax checking information may be incorrect. [C:\WorkPrograms\git-projects\srsRAN_4G\fpga\projects\lte_phy_math\math\math_fma_macro.sv:]
ERROR: [Common 17-180] Spawn failed: No error
WARNING: [filemgmt 56-199] Attempt to get parsing info during refresh. "On-the-fly" syntax checking information may be incorrect. [C:\WorkPrograms\git-projects\srsRAN_4G\fpga\projects\lte_phy_math\math\math_complex_corr.sv:]
WARNING: [filemgmt 56-199] Attempt to get parsing info during refresh. "On-the-fly" syntax checking information may be incorrect. [C:\WorkPrograms\git-projects\srsRAN_4G\fpga\projects\lte_phy_math\math\math_fma_macro.sv:]
WARNING: [filemgmt 56-199] Attempt to get parsing info during refresh. "On-the-fly" syntax checking information may be incorrect. [C:\WorkPrograms\git-projects\srsRAN_4G\fpga\projects\lte_phy_math\math\math_complex_corr.sv:]
WARNING: [filemgmt 56-199] Attempt to get parsing info during refresh. "On-the-fly" syntax checking information may be incorrect. [C:\WorkPrograms\git-projects\srsRAN_4G\fpga\projects\lte_phy_math\math\math_fma_macro.sv:]
ERROR: [Common 17-180] Spawn failed: No error
WARNING: [filemgmt 56-199] Attempt to get parsing info during refresh. "On-the-fly" syntax checking information may be incorrect. [C:\WorkPrograms\git-projects\srsRAN_4G\fpga\projects\lte_phy_math\math\math_complex_corr.sv:]
WARNING: [filemgmt 56-199] Attempt to get parsing info during refresh. "On-the-fly" syntax checking information may be incorrect. [C:\WorkPrograms\git-projects\srsRAN_4G\fpga\projects\lte_phy_math\math\math_fma_macro.sv:]
ERROR: [Common 17-180] Spawn failed: No error
WARNING: [filemgmt 56-199] Attempt to get parsing info during refresh. "On-the-fly" syntax checking information may be incorrect. [C:\WorkPrograms\git-projects\srsRAN_4G\fpga\projects\lte_phy_math\math\math_complex_corr.sv:]
WARNING: [filemgmt 56-199] Attempt to get parsing info during refresh. "On-the-fly" syntax checking information may be incorrect. [C:\WorkPrograms\git-projects\srsRAN_4G\fpga\projects\lte_phy_math\math\math_fma_macro.sv:]
ERROR: [Common 17-180] Spawn failed: No error
WARNING: [filemgmt 56-199] Attempt to get parsing info during refresh. "On-the-fly" syntax checking information may be incorrect. [C:\WorkPrograms\git-projects\srsRAN_4G\fpga\projects\lte_phy_math\math\math_complex_corr.sv:]
WARNING: [filemgmt 56-199] Attempt to get parsing info during refresh. "On-the-fly" syntax checking information may be incorrect. [C:\WorkPrograms\git-projects\srsRAN_4G\fpga\projects\lte_phy_math\math\math_fma_macro.sv:]
ERROR: [Common 17-180] Spawn failed: No error
WARNING: [filemgmt 56-199] Attempt to get parsing info during refresh. "On-the-fly" syntax checking information may be incorrect. [C:\WorkPrograms\git-projects\srsRAN_4G\fpga\projects\lte_phy_math\math\math_complex_corr.sv:]
WARNING: [filemgmt 56-199] Attempt to get parsing info during refresh. "On-the-fly" syntax checking information may be incorrect. [C:\WorkPrograms\git-projects\srsRAN_4G\fpga\projects\lte_phy_math\math\math_fma_macro.sv:]
ERROR: [Common 17-180] Spawn failed: No error
WARNING: [filemgmt 56-199] Attempt to get parsing info during refresh. "On-the-fly" syntax checking information may be incorrect. [C:\WorkPrograms\git-projects\srsRAN_4G\fpga\projects\lte_phy_math\math\math_complex_corr.sv:]
WARNING: [filemgmt 56-199] Attempt to get parsing info during refresh. "On-the-fly" syntax checking information may be incorrect. [C:\WorkPrograms\git-projects\srsRAN_4G\fpga\projects\lte_phy_math\math\math_fma_macro.sv:]
ERROR: [Common 17-180] Spawn failed: No error
WARNING: [filemgmt 56-199] Attempt to get parsing info during refresh. "On-the-fly" syntax checking information may be incorrect. [C:\WorkPrograms\git-projects\srsRAN_4G\fpga\projects\lte_phy_math\math\math_complex_corr.sv:]
WARNING: [filemgmt 56-199] Attempt to get parsing info during refresh. "On-the-fly" syntax checking information may be incorrect. [C:\WorkPrograms\git-projects\srsRAN_4G\fpga\projects\lte_phy_math\math\math_fma_macro.sv:]
ERROR: [Common 17-180] Spawn failed: No error
WARNING: [filemgmt 56-199] Attempt to get parsing info during refresh. "On-the-fly" syntax checking information may be incorrect. [C:\WorkPrograms\git-projects\srsRAN_4G\fpga\projects\lte_phy_math\math\math_complex_corr.sv:]
WARNING: [filemgmt 56-199] Attempt to get parsing info during refresh. "On-the-fly" syntax checking information may be incorrect. [C:\WorkPrograms\git-projects\srsRAN_4G\fpga\projects\lte_phy_math\math\math_fma_macro.sv:]
ERROR: [Common 17-180] Spawn failed: No error
WARNING: [filemgmt 56-199] Attempt to get parsing info during refresh. "On-the-fly" syntax checking information may be incorrect. [C:\WorkPrograms\git-projects\srsRAN_4G\fpga\projects\lte_phy_math\math\math_complex_corr.sv:]
WARNING: [filemgmt 56-199] Attempt to get parsing info during refresh. "On-the-fly" syntax checking information may be incorrect. [C:\WorkPrograms\git-projects\srsRAN_4G\fpga\projects\lte_phy_math\math\math_fma_macro.sv:]
ERROR: [Common 17-180] Spawn failed: No error
WARNING: [filemgmt 56-199] Attempt to get parsing info during refresh. "On-the-fly" syntax checking information may be incorrect. [C:\WorkPrograms\git-projects\srsRAN_4G\fpga\projects\lte_phy_math\math\math_complex_corr.sv:]
WARNING: [filemgmt 56-199] Attempt to get parsing info during refresh. "On-the-fly" syntax checking information may be incorrect. [C:\WorkPrograms\git-projects\srsRAN_4G\fpga\projects\lte_phy_math\math\math_fma_macro.sv:]
ERROR: [Common 17-180] Spawn failed: No error
close_sim
INFO: [Simtcl 6-16] Simulation closed
exit
INFO: [Common 17-206] Exiting Vivado at Wed Dec 17 22:32:14 2025...
